CCATCCTCAAACATCG_1.ENCLB952MZJ	0.07804878048780488	False
TGAAGAGAAAACATCG_1.ENCLB952MZJ	0.06290672451193058	False
CGACACACAACCGAGA_1.ENCLB952MZJ	0.1595330739299611	False
CTGAGCCAAACTCACC_1.ENCLB952MZJ	0.06756756756756756	False
TAGGATGAACACAGAA_1.ENCLB952MZJ	0.06290672451193058	False
AGATCGCAACAGATTC_1.ENCLB952MZJ	0.34782608695652184	False
CAACCACAACTATGCA_1.ENCLB952MZJ	0.09042553191489361	False
TGGTGGTAAGGCTAAC_1.ENCLB952MZJ	0.06756756756756756	False
AACGCTTACAATGGAA_1.ENCLB952MZJ	0.07804878048780488	False
CGACACACCAATGGAA_1.ENCLB952MZJ	0.04395604395604396	False
CAAGACTACACCTTAC_1.ENCLB952MZJ	0.07259953161592504	False
CGACACACCACCTTAC_1.ENCLB952MZJ	0.03793103448275863	False
GCGAGTAACACCTTAC_1.ENCLB952MZJ	0.03517587939698493	False
ACGTATCACACTTCGA_1.ENCLB952MZJ	0.17500000000000007	False
CTAAGGTCCCGAAGTA_1.ENCLB952MZJ	0.09042553191489361	False
AGATCGCACCTCCTGA_1.ENCLB952MZJ	0.06290672451193058	False
AGTGGTCACTGGCATA_1.ENCLB952MZJ	0.07259953161592504	False
GATAGACACTGTAGCC_1.ENCLB952MZJ	0.05078125	False
CCTAATCCAAGGTACA_7.ENCLB952MZJ	0.09042553191489361	False
CGAACTTAACAAGCTA_7.ENCLB952MZJ	0.05454545454545454	False
CCGAAGTAACACGACC_7.ENCLB952MZJ	0.13402061855670097	False
CCTAATCCAGAGTCAA_7.ENCLB952MZJ	0.12337662337662335	False
CGACACACAGTACAAG_7.ENCLB952MZJ	0.09749303621169914	False
ATGCCTAAAGTCACTA_7.ENCLB952MZJ	0.07259953161592504	False
CAAGGAGCATAGCGAC_7.ENCLB952MZJ	0.13402061855670097	False
CCTCTATCATTGGCTC_7.ENCLB952MZJ	0.14598540145985406	False
AGAGTCAACAATGGAA_7.ENCLB952MZJ	0.12337662337662335	False
CGACACACCAATGGAA_7.ENCLB952MZJ	0.08396946564885495	False
GATGAATCCACCTTAC_7.ENCLB952MZJ	0.2380952380952381	False
CAACCACACATCAAGT_7.ENCLB952MZJ	0.08396946564885495	False
CGACACACCATCAAGT_7.ENCLB952MZJ	0.06756756756756756	False
GAATCTGACATCAAGT_7.ENCLB952MZJ	0.1138461538461538	False
GCGAGTAACATCAAGT_7.ENCLB952MZJ	0.04395604395604396	False
CAATGGAACTAAGGTC_7.ENCLB952MZJ	0.1138461538461538	False
TGGTGGTAGCCACATA_7.ENCLB952MZJ	0.1595330739299611	False
AACAACCATATCAGCA_7.ENCLB952MZJ	0.12337662337662335	False
AACTCACCTATCAGCA_7.ENCLB952MZJ	0.06290672451193058	False
AAGGACACTATCAGCA_7.ENCLB952MZJ	0.05857740585774058	False
AGGCTAACTATCAGCA_7.ENCLB952MZJ	0.06290672451193058	False
ATCATTCCTATCAGCA_7.ENCLB952MZJ	0.08396946564885495	False
GATGAATCTATCAGCA_7.ENCLB952MZJ	0.06756756756756756	False
GCCACATATATCAGCA_7.ENCLB952MZJ	0.09042553191489361	False
CACTTCGAAACCGAGA_4.ENCLB952MZJ	0.09042553191489361	False
ACCACTGTAACGTGAT_4.ENCLB952MZJ	0.2135922330097088	False
ACATTGGCAAGGTACA_4.ENCLB952MZJ	0.07259953161592504	False
CAAGGAGCACAAGCTA_4.ENCLB952MZJ	0.13402061855670097	False
CGACACACACAAGCTA_4.ENCLB952MZJ	0.10526315789473682	False
GATGAATCAGTGGTCA_4.ENCLB952MZJ	0.2380952380952381	False
CAAGGAGCATAGCGAC_4.ENCLB952MZJ	0.1595330739299611	False
TAGGATGAATGCCTAA_4.ENCLB952MZJ	0.2135922330097088	False
ATTGAGGACACCTTAC_4.ENCLB952MZJ	0.13402061855670097	False
CGACACACCACCTTAC_4.ENCLB952MZJ	0.07804878048780488	False
GATGAATCCACCTTAC_4.ENCLB952MZJ	0.19282511210762332	False
GCGAGTAACACCTTAC_4.ENCLB952MZJ	0.06756756756756756	False
GAGCTGAACATCAAGT_4.ENCLB952MZJ	0.2380952380952381	False
GAGCTGAACCATCCTC_4.ENCLB952MZJ	0.08396946564885495	False
TGGTGGTACGGATTGC_4.ENCLB952MZJ	0.14598540145985406	False
GATGAATCCTGAGCCA_4.ENCLB952MZJ	0.08396946564885495	False
AACTCACCGATGAATC_4.ENCLB952MZJ	0.2135922330097088	False
CGACACACGATGAATC_4.ENCLB952MZJ	0.09042553191489361	False
GCGAGTAAGATGAATC_4.ENCLB952MZJ	0.07804878048780488	False
GTCTGTCAGATGAATC_4.ENCLB952MZJ	0.12337662337662335	False
CATCAAGTGCCAAGAC_4.ENCLB952MZJ	0.13402061855670097	False
AATCCGTCGTACGCAA_4.ENCLB952MZJ	0.12337662337662335	False
TATCAGCAGTCGTAGA_4.ENCLB952MZJ	0.07259953161592504	False
GTCGTAGAGTGTTCTA_4.ENCLB952MZJ	0.13402061855670097	False
ACGCTCGAAAGACGGA_0.ENCLB952MZJ	0.10526315789473682	False
ACATTGGCAATCCGTC_0.ENCLB952MZJ	0.10526315789473682	False
AACAACCAAATGTTGC_0.ENCLB952MZJ	0.08396946564885495	False
CAGATCTGACAGCAGA_0.ENCLB952MZJ	0.17500000000000007	False
AAGACGGAACGTATCA_0.ENCLB952MZJ	0.10526315789473682	False
GATGAATCACGTATCA_0.ENCLB952MZJ	0.17500000000000007	False
AACAACCAAGATCGCA_0.ENCLB952MZJ	0.17500000000000007	False
AATCCGTCCCAGTTCA_0.ENCLB952MZJ	0.06756756756756756	False
AGTCACTAGAGTTAGC_0.ENCLB952MZJ	0.13402061855670097	False
AAGGACACGCCACATA_0.ENCLB952MZJ	0.12337662337662335	False
TGGTGGTAGCCACATA_0.ENCLB952MZJ	0.05857740585774058	False
AGATCGCAGTGTTCTA_0.ENCLB952MZJ	0.1138461538461538	False
ACAGCAGATTCACGCA_0.ENCLB952MZJ	0.07804878048780488	False
CACTTCGAAACCGAGA_5.ENCLB952MZJ	0.08396946564885495	False
GCGAGTAAAACTCACC_5.ENCLB952MZJ	0.09749303621169914	False
AGAGTCAAAAGAGATC_5.ENCLB952MZJ	0.2135922330097088	False
GATGAATCAAGAGATC_5.ENCLB952MZJ	0.05857740585774058	False
AACTCACCACACAGAA_5.ENCLB952MZJ	0.05078125	False
CAGCGTTAACACAGAA_5.ENCLB952MZJ	0.12337662337662335	False
GATGAATCACACAGAA_5.ENCLB952MZJ	0.09042553191489361	False
ACAGCAGAACGTATCA_5.ENCLB952MZJ	0.09749303621169914	False
ACATTGGCAGTGGTCA_5.ENCLB952MZJ	0.1138461538461538	False
CAAGGAGCATAGCGAC_5.ENCLB952MZJ	0.13402061855670097	False
AACTCACCCAAGACTA_5.ENCLB952MZJ	0.14598540145985406	False
AATCCGTCCAAGACTA_5.ENCLB952MZJ	0.14598540145985406	False
GATGAATCCAAGACTA_5.ENCLB952MZJ	0.09749303621169914	False
AGCACCTCCAAGGAGC_5.ENCLB952MZJ	0.2380952380952381	False
ACAGCAGACAATGGAA_5.ENCLB952MZJ	0.14598540145985406	False
GATGAATCCACCTTAC_5.ENCLB952MZJ	0.2380952380952381	False
AACTCACCCACTTCGA_5.ENCLB952MZJ	0.05857740585774058	False
CCTCTATCCACTTCGA_5.ENCLB952MZJ	0.19282511210762332	False
GATGAATCCACTTCGA_5.ENCLB952MZJ	0.14598540145985406	False
GCCACATACACTTCGA_5.ENCLB952MZJ	0.12337662337662335	False
GAATCTGACCAGTTCA_5.ENCLB952MZJ	0.12337662337662335	False
GCTCGGTACCGAAGTA_5.ENCLB952MZJ	0.05857740585774058	False
CGACACACCTGTAGCC_5.ENCLB952MZJ	0.09749303621169914	False
GCGAGTAACTGTAGCC_5.ENCLB952MZJ	0.06290672451193058	False
TCTTCACACTGTAGCC_5.ENCLB952MZJ	0.1138461538461538	False
AATGTTGCGAACAGGC_5.ENCLB952MZJ	0.2135922330097088	False
AGGCTAACGACTAGTA_5.ENCLB952MZJ	0.06290672451193058	False
CATACCAAGACTAGTA_5.ENCLB952MZJ	0.08396946564885495	False
ACAAGCTAGATAGACA_5.ENCLB952MZJ	0.17500000000000007	False
GGTGCGAAGATAGACA_5.ENCLB952MZJ	0.1595330739299611	False
AACTCACCGATGAATC_5.ENCLB952MZJ	0.40495867768595034	False
TGGTGGTAGCCACATA_5.ENCLB952MZJ	0.06756756756756756	False
AACTCACCGCGAGTAA_5.ENCLB952MZJ	0.05078125	False
ATTGGCTCGCGAGTAA_5.ENCLB952MZJ	0.05857740585774058	False
CCTAATCCGCGAGTAA_5.ENCLB952MZJ	0.19282511210762332	False
GACAGTGCGCGAGTAA_5.ENCLB952MZJ	0.14598540145985406	False
GATGAATCGCGAGTAA_5.ENCLB952MZJ	0.07804878048780488	False
GTGTTCTAGCGAGTAA_5.ENCLB952MZJ	0.06290672451193058	False
CGACACACGTGTTCTA_5.ENCLB952MZJ	0.06756756756756756	False
GCGAGTAAGTGTTCTA_5.ENCLB952MZJ	0.05857740585774058	False
TGGAACAAGTGTTCTA_5.ENCLB952MZJ	0.1595330739299611	False
CGAACTTATCTTCACA_5.ENCLB952MZJ	0.1138461538461538	False
GCCACATATCTTCACA_5.ENCLB952MZJ	0.09749303621169914	False
CGACACACAAGGTACA_9.ENCLB952MZJ	0.19282511210762332	False
AGTGGTCAACACGACC_9.ENCLB952MZJ	0.13402061855670097	False
ACAGCAGAACGTATCA_9.ENCLB952MZJ	0.07804878048780488	False
GCCAAGACCAAGACTA_9.ENCLB952MZJ	0.08396946564885495	False
GATGAATCCACCTTAC_9.ENCLB952MZJ	0.1595330739299611	False
CCTCCTGACCGACAAC_9.ENCLB952MZJ	0.12337662337662335	False
ACCACTGTCCTCTATC_9.ENCLB952MZJ	0.06290672451193058	False
CGACACACCCTCTATC_9.ENCLB952MZJ	0.07259953161592504	False
GCGAGTAACCTCTATC_9.ENCLB952MZJ	0.04725897920604915	False
CAAGACTAGAGTTAGC_9.ENCLB952MZJ	0.09749303621169914	False
TCTTCACAGGTGCGAA_9.ENCLB952MZJ	0.1138461538461538	False
AAGAGATCTGGAACAA_9.ENCLB952MZJ	0.14598540145985406	False
AGATGTACACGCTCGA_10.ENCLB952MZJ	0.08396946564885495	False
CAAGGAGCATAGCGAC_10.ENCLB952MZJ	0.13402061855670097	False
GCCAAGACGACAGTGC_10.ENCLB952MZJ	0.05078125	False
TGGTGGTAGACAGTGC_10.ENCLB952MZJ	0.10526315789473682	False
CGACACACAACGTGAT_8.ENCLB952MZJ	0.10526315789473682	False
TCTTCACAAACGTGAT_8.ENCLB952MZJ	0.19282511210762332	False
CCGACAACACAAGCTA_8.ENCLB952MZJ	0.2380952380952381	False
AACGCTTAAGCAGGAA_8.ENCLB952MZJ	0.07259953161592504	False
AGTACAAGATTGGCTC_8.ENCLB952MZJ	0.06756756756756756	False
ATTGAGGAATTGGCTC_8.ENCLB952MZJ	0.14598540145985406	False
ACTATGCACGCTGATC_8.ENCLB952MZJ	0.14598540145985406	False
CTGGCATACTGGCATA_8.ENCLB952MZJ	0.19282511210762332	False
AACTCACCGATGAATC_8.ENCLB952MZJ	0.40495867768595034	False
ATCATTCCGCTAACGA_8.ENCLB952MZJ	0.10526315789473682	False
GGTGCGAAAAACATCG_3.ENCLB952MZJ	0.34782608695652184	False
GAGCTGAAAAGGTACA_3.ENCLB952MZJ	0.06756756756756756	False
AGCCATGCACTATGCA_3.ENCLB952MZJ	0.06756756756756756	False
CTGGCATAAGCCATGC_3.ENCLB952MZJ	0.08396946564885495	False
CAAGGAGCATAGCGAC_3.ENCLB952MZJ	0.07804878048780488	False
AACTCACCATCATTCC_3.ENCLB952MZJ	0.12337662337662335	False
CGACACACCTGAGCCA_3.ENCLB952MZJ	0.05857740585774058	False
AGATGTACCTGTAGCC_3.ENCLB952MZJ	0.09042553191489361	False
CACTTCGAGAATCTGA_3.ENCLB952MZJ	0.05857740585774058	False
CGACACACGAATCTGA_3.ENCLB952MZJ	0.04085257548845471	False
GCGAGTAAGAATCTGA_3.ENCLB952MZJ	0.04725897920604915	False
GATAGACAGCCACATA_3.ENCLB952MZJ	0.07804878048780488	False
CCATCCTCAACAACCA_11.ENCLB952MZJ	0.34782608695652184	False
AGCCATGCACAAGCTA_11.ENCLB952MZJ	0.26744186046511637	False
CGCTGATCAGCCATGC_11.ENCLB952MZJ	0.09749303621169914	False
CAAGGAGCATAGCGAC_11.ENCLB952MZJ	0.17500000000000007	False
GTCGTAGACAACCACA_11.ENCLB952MZJ	0.13402061855670097	False
CGACACACCAATGGAA_11.ENCLB952MZJ	0.14598540145985406	False
GATGAATCCACCTTAC_11.ENCLB952MZJ	0.3032258064516129	False
GCCACATACACTTCGA_11.ENCLB952MZJ	0.10526315789473682	False
CATACCAACATACCAA_11.ENCLB952MZJ	0.14598540145985406	False
GTACGCAACCAGTTCA_11.ENCLB952MZJ	0.26744186046511637	False
CGCATACACGCATACA_11.ENCLB952MZJ	0.12337662337662335	False
GCGAGTAAGACAGTGC_11.ENCLB952MZJ	0.1595330739299611	False
CGACACACGAGCTGAA_11.ENCLB952MZJ	0.06290672451193058	False
GCCACATAGAGCTGAA_11.ENCLB952MZJ	0.17500000000000007	False
AACTCACCGATGAATC_11.ENCLB952MZJ	0.13402061855670097	False
CAAGGAGCGCTCGGTA_11.ENCLB952MZJ	0.12337662337662335	False
CGACACACGCTCGGTA_11.ENCLB952MZJ	0.14598540145985406	False
GCGAGTAAGCTCGGTA_11.ENCLB952MZJ	0.09042553191489361	False
AGTCACTAGTCTGTCA_11.ENCLB952MZJ	0.34782608695652184	False
CGACACACGTCTGTCA_11.ENCLB952MZJ	0.07804878048780488	False
GTACGCAATCCGTCTA_11.ENCLB952MZJ	0.2380952380952381	False
TGGTGGTATCCGTCTA_11.ENCLB952MZJ	0.09042553191489361	False
CCGAAGTAAAACATCG_2.ENCLB952MZJ	0.14598540145985406	False
ATCCTGTAAACCGAGA_2.ENCLB952MZJ	0.2135922330097088	False
AGTCACTAAAGACGGA_2.ENCLB952MZJ	0.13402061855670097	False
TAGGATGAAAGGTACA_2.ENCLB952MZJ	0.10526315789473682	False
CAGATCTGAGATCGCA_2.ENCLB952MZJ	0.4807692307692309	True
CACCTTACATCCTGTA_2.ENCLB952MZJ	0.09749303621169914	False
CGACACACATCCTGTA_2.ENCLB952MZJ	0.06756756756756756	False
ACGCTCGACCTCTATC_2.ENCLB952MZJ	0.14598540145985406	False
GCGAGTAACCTCTATC_2.ENCLB952MZJ	0.07259953161592504	False
GTGTTCTACTGGCATA_2.ENCLB952MZJ	0.1595330739299611	False
GCTAACGAGACTAGTA_2.ENCLB952MZJ	0.09749303621169914	False
ATTGAGGAAAGAGATC_6.ENCLB952MZJ	0.09749303621169914	False
CAAGGAGCATAGCGAC_6.ENCLB952MZJ	0.10526315789473682	False
CATACCAACAAGGAGC_6.ENCLB952MZJ	0.10526315789473682	False
ACCACTGTCACCTTAC_6.ENCLB952MZJ	0.09749303621169914	False
GATGAATCCACCTTAC_6.ENCLB952MZJ	0.2380952380952381	False
AATCCGTCCCGTGAGA_6.ENCLB952MZJ	0.14598540145985406	False
ACACAGAAGACAGTGC_6.ENCLB952MZJ	0.10526315789473682	False
GCTAACGAGACAGTGC_6.ENCLB952MZJ	0.12337662337662335	False
TGGCTTCAGCTCGGTA_6.ENCLB952MZJ	0.17500000000000007	False
ATCATTCCTATCAGCA_6.ENCLB952MZJ	0.07804878048780488	False
GCCACATATATCAGCA_6.ENCLB952MZJ	0.1595330739299611	False
GGTGCGAAAAACATCG_15.ENCLB514RKT	0.1138461538461538	False
ATTGAGGAAACGCTTA_15.ENCLB514RKT	0.1595330739299611	False
GAGCTGAAAAGGTACA_15.ENCLB514RKT	0.19282511210762332	False
AGCCATGCACTATGCA_15.ENCLB514RKT	0.05857740585774058	False
AGTCACTAAGATGTAC_15.ENCLB514RKT	0.17500000000000007	False
CTGGCATAAGCCATGC_15.ENCLB514RKT	0.08396946564885495	False
TCCGTCTAAGGCTAAC_15.ENCLB514RKT	0.19282511210762332	False
CAAGGAGCATAGCGAC_15.ENCLB514RKT	0.07804878048780488	False
AACTCACCATCATTCC_15.ENCLB514RKT	0.09749303621169914	False
CTGTAGCCCACCTTAC_15.ENCLB514RKT	0.26744186046511637	False
GATGAATCCACCTTAC_15.ENCLB514RKT	0.40495867768595034	False
GAATCTGACACTTCGA_15.ENCLB514RKT	0.14598540145985406	False
AACGTGATCCATCCTC_15.ENCLB514RKT	0.19282511210762332	False
CCTCCTGACCGTGAGA_15.ENCLB514RKT	0.26744186046511637	False
CAGCGTTACCTAATCC_15.ENCLB514RKT	0.13402061855670097	False
GCGAGTAACCTAATCC_15.ENCLB514RKT	0.12337662337662335	False
AAACATCGCTGGCATA_15.ENCLB514RKT	0.19282511210762332	False
AGATGTACCTGTAGCC_15.ENCLB514RKT	0.1138461538461538	False
CACTTCGAGAATCTGA_15.ENCLB514RKT	0.1138461538461538	False
AAGGACACGACAGTGC_15.ENCLB514RKT	0.26744186046511637	False
AACTCACCGATGAATC_15.ENCLB514RKT	0.2135922330097088	False
CACCTTACGCCAAGAC_15.ENCLB514RKT	0.14598540145985406	False
GATAGACAGCCACATA_15.ENCLB514RKT	0.08396946564885495	False
AACTCACCGTACGCAA_15.ENCLB514RKT	0.1595330739299611	False
ACATTGGCGTCTGTCA_15.ENCLB514RKT	0.2380952380952381	False
AGGCTAACTATCAGCA_15.ENCLB514RKT	0.12337662337662335	False
GCCACATATATCAGCA_15.ENCLB514RKT	0.12337662337662335	False
AAGAGATCTCTTCACA_15.ENCLB514RKT	0.1595330739299611	False
CAAGGAGCAAACATCG_20.ENCLB514RKT	0.07259953161592504	False
CACTTCGAAACCGAGA_20.ENCLB514RKT	0.10526315789473682	False
AACTCACCAAGAGATC_20.ENCLB514RKT	0.06756756756756756	False
GATGAATCAAGAGATC_20.ENCLB514RKT	0.13402061855670097	False
ATCATTCCACAAGCTA_20.ENCLB514RKT	0.10526315789473682	False
CAGCGTTAACACAGAA_20.ENCLB514RKT	0.06290672451193058	False
ACAAGCTAACGCTCGA_20.ENCLB514RKT	0.13402061855670097	False
GATGAATCACGCTCGA_20.ENCLB514RKT	0.07804878048780488	False
ACAGCAGAACGTATCA_20.ENCLB514RKT	0.13402061855670097	False
CAAGGAGCAGAGTCAA_20.ENCLB514RKT	0.09042553191489361	False
CGACACACAGAGTCAA_20.ENCLB514RKT	0.10526315789473682	False
GCCACATAAGAGTCAA_20.ENCLB514RKT	0.10526315789473682	False
GCGAGTAAAGAGTCAA_20.ENCLB514RKT	0.14598540145985406	False
GTCTGTCAAGAGTCAA_20.ENCLB514RKT	0.17500000000000007	False
AACGCTTAAGCAGGAA_20.ENCLB514RKT	0.09749303621169914	False
CTGTAGCCAGCCATGC_20.ENCLB514RKT	0.19282511210762332	False
AGTGGTCAAGTACAAG_20.ENCLB514RKT	0.07804878048780488	False
CTGGCATAAGTACAAG_20.ENCLB514RKT	0.10526315789473682	False
CAAGACTAAGTGGTCA_20.ENCLB514RKT	0.34782608695652184	False
CAAGGAGCATAGCGAC_20.ENCLB514RKT	0.13402061855670097	False
TAGGATGAATGCCTAA_20.ENCLB514RKT	0.10526315789473682	False
AGTACAAGATTGGCTC_20.ENCLB514RKT	0.07259953161592504	False
AATCCGTCCAAGACTA_20.ENCLB514RKT	0.09042553191489361	False
CTCAATGACAAGACTA_20.ENCLB514RKT	0.26744186046511637	False
GATGAATCCACCTTAC_20.ENCLB514RKT	0.2135922330097088	False
TGGAACAACAGCGTTA_20.ENCLB514RKT	0.1138461538461538	False
CGACACACCCAGTTCA_20.ENCLB514RKT	0.09042553191489361	False
GCGAGTAACCAGTTCA_20.ENCLB514RKT	0.07804878048780488	False
GTACGCAACCAGTTCA_20.ENCLB514RKT	0.09749303621169914	False
AAGAGATCCCGTGAGA_20.ENCLB514RKT	0.14598540145985406	False
CCTCCTGACCGTGAGA_20.ENCLB514RKT	0.05454545454545454	False
GCGAGTAACCTAATCC_20.ENCLB514RKT	0.10526315789473682	False
CGCATACACGCATACA_20.ENCLB514RKT	0.09042553191489361	False
GATGAATCCGCATACA_20.ENCLB514RKT	0.17500000000000007	False
GCGAGTAACGCATACA_20.ENCLB514RKT	0.2380952380952381	False
CGACACACCTGAGCCA_20.ENCLB514RKT	0.1138461538461538	False
AGATGTACCTGTAGCC_20.ENCLB514RKT	0.05857740585774058	False
CAAGACTACTGTAGCC_20.ENCLB514RKT	0.17500000000000007	False
AACTCACCGATGAATC_20.ENCLB514RKT	0.2135922330097088	False
TGGTGGTAGCCACATA_20.ENCLB514RKT	0.03793103448275863	False
ATCATTCCGCTAACGA_20.ENCLB514RKT	0.14598540145985406	False
AACTCACCGCTCGGTA_20.ENCLB514RKT	0.08396946564885495	False
GATGAATCGCTCGGTA_20.ENCLB514RKT	0.05078125	False
TCTTCACAGCTCGGTA_20.ENCLB514RKT	0.14598540145985406	False
GTACGCAATCCGTCTA_20.ENCLB514RKT	0.2380952380952381	False
AAGAGATCTCTTCACA_20.ENCLB514RKT	0.19282511210762332	False
CCGTGAGATCTTCACA_20.ENCLB514RKT	0.10526315789473682	False
CGACACACTCTTCACA_20.ENCLB514RKT	0.07804878048780488	False
GCGAGTAATCTTCACA_20.ENCLB514RKT	0.09042553191489361	False
GCGAGTAAAACTCACC_17.ENCLB514RKT	0.26744186046511637	False
TGGTGGTAACAGCAGA_17.ENCLB514RKT	0.14598540145985406	False
AGTACAAGAGTACAAG_17.ENCLB514RKT	0.13402061855670097	False
CAACCACAAGTACAAG_17.ENCLB514RKT	0.13402061855670097	False
CAAGGAGCATAGCGAC_17.ENCLB514RKT	0.05454545454545454	False
ATGCCTAAATCCTGTA_17.ENCLB514RKT	0.14598540145985406	False
AACTCACCCATACCAA_17.ENCLB514RKT	0.17500000000000007	False
TAGGATGACTCAATGA_17.ENCLB514RKT	0.12337662337662335	False
CATACCAAGACTAGTA_17.ENCLB514RKT	0.1595330739299611	False
TAGGATGAGCTAACGA_17.ENCLB514RKT	0.09749303621169914	False
ATTGGCTCTATCAGCA_17.ENCLB514RKT	0.12337662337662335	False
ACACGACCTCCGTCTA_17.ENCLB514RKT	0.1138461538461538	False
CCATCCTCAAACATCG_13.ENCLB514RKT	0.04395604395604396	False
TGAAGAGAAAACATCG_13.ENCLB514RKT	0.13402061855670097	False
AAGGACACAACCGAGA_13.ENCLB514RKT	0.1595330739299611	False
ACTATGCAAACCGAGA_13.ENCLB514RKT	0.13402061855670097	False
CAAGGAGCAACCGAGA_13.ENCLB514RKT	0.09042553191489361	False
CACTTCGAAACCGAGA_13.ENCLB514RKT	0.1138461538461538	False
CGACACACAACCGAGA_13.ENCLB514RKT	0.13402061855670097	False
CTGTAGCCAACCGAGA_13.ENCLB514RKT	0.14598540145985406	False
GCGAGTAAAACCGAGA_13.ENCLB514RKT	0.14598540145985406	False
AGCCATGCAACGCTTA_13.ENCLB514RKT	0.14598540145985406	False
CAAGGAGCAACGCTTA_13.ENCLB514RKT	0.10526315789473682	False
CGACACACAACGCTTA_13.ENCLB514RKT	0.13402061855670097	False
GCGAGTAAAACGCTTA_13.ENCLB514RKT	0.14598540145985406	False
ACATTGGCAACTCACC_13.ENCLB514RKT	0.17500000000000007	False
CAAGGAGCAACTCACC_13.ENCLB514RKT	0.1595330739299611	False
CGACACACAACTCACC_13.ENCLB514RKT	0.1138461538461538	False
CTGAGCCAAACTCACC_13.ENCLB514RKT	0.12337662337662335	False
GCGAGTAAAACTCACC_13.ENCLB514RKT	0.08396946564885495	False
TAGGATGAACACAGAA_13.ENCLB514RKT	0.14598540145985406	False
AAGAGATCACACGACC_13.ENCLB514RKT	0.14598540145985406	False
CAAGGAGCACACGACC_13.ENCLB514RKT	0.10526315789473682	False
CGACACACACACGACC_13.ENCLB514RKT	0.10526315789473682	False
AGATCGCAACAGATTC_13.ENCLB514RKT	0.09749303621169914	False
AACGTGATACAGCAGA_13.ENCLB514RKT	0.1595330739299611	False
CAACCACAACTATGCA_13.ENCLB514RKT	0.09042553191489361	False
CGACACACAGATCGCA_13.ENCLB514RKT	0.09749303621169914	False
GCGAGTAAAGATCGCA_13.ENCLB514RKT	0.09749303621169914	False
GCTAACGAAGATCGCA_13.ENCLB514RKT	0.12337662337662335	False
TGGTGGTAAGGCTAAC_13.ENCLB514RKT	0.1138461538461538	False
CAAGGAGCATAGCGAC_13.ENCLB514RKT	0.14598540145985406	False
ACCACTGTATTGGCTC_13.ENCLB514RKT	0.12337662337662335	False
CGACACACATTGGCTC_13.ENCLB514RKT	0.03011093502377179	False
TCTTCACACAAGACTA_13.ENCLB514RKT	0.17500000000000007	False
AACGCTTACAATGGAA_13.ENCLB514RKT	0.06756756756756756	False
CAAGACTACACCTTAC_13.ENCLB514RKT	0.09749303621169914	False
GATGAATCCACCTTAC_13.ENCLB514RKT	0.12337662337662335	False
ACGTATCACACTTCGA_13.ENCLB514RKT	0.17500000000000007	False
CTAAGGTCCCGAAGTA_13.ENCLB514RKT	0.05857740585774058	False
CCTCCTGACCGTGAGA_13.ENCLB514RKT	0.17500000000000007	False
CGACACACCCGTGAGA_13.ENCLB514RKT	0.13402061855670097	False
GCGAGTAACCGTGAGA_13.ENCLB514RKT	0.1138461538461538	False
GCGAGTAACCTAATCC_13.ENCLB514RKT	0.10526315789473682	False
AGATCGCACCTCCTGA_13.ENCLB514RKT	0.06290672451193058	False
CGACACACCTGAGCCA_13.ENCLB514RKT	0.10526315789473682	False
AGTGGTCACTGGCATA_13.ENCLB514RKT	0.05078125	False
AAGAGATCTCTTCACA_13.ENCLB514RKT	0.17500000000000007	False
GCCACATATCTTCACA_13.ENCLB514RKT	0.2135922330097088	False
AAGGTACAAATCCGTC_19.ENCLB514RKT	0.26744186046511637	False
ATCATTCCACAAGCTA_19.ENCLB514RKT	0.07259953161592504	False
CGAACTTAACAAGCTA_19.ENCLB514RKT	0.17500000000000007	False
AACTCACCACACGACC_19.ENCLB514RKT	0.1138461538461538	False
CCGAAGTAACACGACC_19.ENCLB514RKT	0.14598540145985406	False
GATGAATCACACGACC_19.ENCLB514RKT	0.08396946564885495	False
ACAGCAGAACGTATCA_19.ENCLB514RKT	0.1138461538461538	False
ATGCCTAAAGTCACTA_19.ENCLB514RKT	0.10526315789473682	False
CAATGGAAAGTCACTA_19.ENCLB514RKT	0.08396946564885495	False
GATGAATCAGTCACTA_19.ENCLB514RKT	0.03257328990228014	False
CAAGGAGCATAGCGAC_19.ENCLB514RKT	0.14598540145985406	False
CCTCTATCATTGGCTC_19.ENCLB514RKT	0.14598540145985406	False
GATGAATCCACCTTAC_19.ENCLB514RKT	0.13402061855670097	False
TCCGTCTACATCAAGT_19.ENCLB514RKT	0.1138461538461538	False
GTACGCAACCAGTTCA_19.ENCLB514RKT	0.2135922330097088	False
GCGAGTAACGCATACA_19.ENCLB514RKT	0.1595330739299611	False
CAATGGAACTAAGGTC_19.ENCLB514RKT	0.17500000000000007	False
CCTCCTGACTAAGGTC_19.ENCLB514RKT	0.1138461538461538	False
CGACACACCTAAGGTC_19.ENCLB514RKT	0.08396946564885495	False
GATGAATCCTAAGGTC_19.ENCLB514RKT	0.07804878048780488	False
GCGAGTAACTAAGGTC_19.ENCLB514RKT	0.12337662337662335	False
CGACACACGAATCTGA_19.ENCLB514RKT	0.05078125	False
GCGAGTAAGAATCTGA_19.ENCLB514RKT	0.07259953161592504	False
GGTGCGAAGAATCTGA_19.ENCLB514RKT	0.12337662337662335	False
AACTCACCGATGAATC_19.ENCLB514RKT	0.13402061855670097	False
TTCACGCAGCCAAGAC_19.ENCLB514RKT	0.14598540145985406	False
AACTCACCGCCACATA_19.ENCLB514RKT	0.09042553191489361	False
AAGGACACGCCACATA_19.ENCLB514RKT	0.09749303621169914	False
GATGAATCGCCACATA_19.ENCLB514RKT	0.08396946564885495	False
TGGTGGTAGCCACATA_19.ENCLB514RKT	0.1138461538461538	False
AGATGTACGGTGCGAA_19.ENCLB514RKT	0.17500000000000007	False
AACAACCATATCAGCA_19.ENCLB514RKT	0.07804878048780488	False
ATCATTCCTATCAGCA_19.ENCLB514RKT	0.06756756756756756	False
AAGAGATCTCTTCACA_19.ENCLB514RKT	0.08396946564885495	False
AGATGTACAATCCGTC_22.ENCLB514RKT	0.1138461538461538	False
CGACACACAATCCGTC_22.ENCLB514RKT	0.1138461538461538	False
CAACCACAAATGTTGC_22.ENCLB514RKT	0.10526315789473682	False
CGACACACAATGTTGC_22.ENCLB514RKT	0.09042553191489361	False
GCGAGTAAAATGTTGC_22.ENCLB514RKT	0.08396946564885495	False
AGCCATGCACAAGCTA_22.ENCLB514RKT	0.12337662337662335	False
TGGAACAAACAGCAGA_22.ENCLB514RKT	0.12337662337662335	False
ATCCTGTAACCACTGT_22.ENCLB514RKT	0.14598540145985406	False
CAAGGAGCAGAGTCAA_22.ENCLB514RKT	0.09042553191489361	False
GCTAACGAAGATCGCA_22.ENCLB514RKT	0.06290672451193058	False
ATTGGCTCAGTACAAG_22.ENCLB514RKT	0.17500000000000007	False
CGACACACAGTACAAG_22.ENCLB514RKT	0.13402061855670097	False
TGAAGAGAAGTCACTA_22.ENCLB514RKT	0.13402061855670097	False
AACAACCAATAGCGAC_22.ENCLB514RKT	0.1138461538461538	False
AACTCACCATAGCGAC_22.ENCLB514RKT	0.2135922330097088	False
AAGAGATCATAGCGAC_22.ENCLB514RKT	0.12337662337662335	False
AAGGACACATAGCGAC_22.ENCLB514RKT	0.10526315789473682	False
AATCCGTCATAGCGAC_22.ENCLB514RKT	0.08396946564885495	False
ACATTGGCATAGCGAC_22.ENCLB514RKT	0.10526315789473682	False
ACCACTGTATAGCGAC_22.ENCLB514RKT	0.08396946564885495	False
ACGCTCGAATAGCGAC_22.ENCLB514RKT	0.1138461538461538	False
ACTATGCAATAGCGAC_22.ENCLB514RKT	0.13402061855670097	False
AGATGTACATAGCGAC_22.ENCLB514RKT	0.10526315789473682	False
AGCCATGCATAGCGAC_22.ENCLB514RKT	0.14598540145985406	False
AGTACAAGATAGCGAC_22.ENCLB514RKT	0.09042553191489361	False
AGTCACTAATAGCGAC_22.ENCLB514RKT	0.06756756756756756	False
ATAGCGACATAGCGAC_22.ENCLB514RKT	0.06290672451193058	False
ATCATTCCATAGCGAC_22.ENCLB514RKT	0.12337662337662335	False
ATTGAGGAATAGCGAC_22.ENCLB514RKT	0.04395604395604396	False
CAACCACAATAGCGAC_22.ENCLB514RKT	0.10526315789473682	False
CAAGGAGCATAGCGAC_22.ENCLB514RKT	0.14598540145985406	False
CACTTCGAATAGCGAC_22.ENCLB514RKT	0.10526315789473682	False
CCATCCTCATAGCGAC_22.ENCLB514RKT	0.08396946564885495	False
CCGTGAGAATAGCGAC_22.ENCLB514RKT	0.06756756756756756	False
CCTCCTGAATAGCGAC_22.ENCLB514RKT	0.07804878048780488	False
CCTCTATCATAGCGAC_22.ENCLB514RKT	0.1595330739299611	False
CGACACACATAGCGAC_22.ENCLB514RKT	0.14598540145985406	False
CGGATTGCATAGCGAC_22.ENCLB514RKT	0.12337662337662335	False
GATGAATCATAGCGAC_22.ENCLB514RKT	0.09749303621169914	False
GCCAAGACATAGCGAC_22.ENCLB514RKT	0.04725897920604915	False
GCCACATAATAGCGAC_22.ENCLB514RKT	0.09042553191489361	False
GCGAGTAAATAGCGAC_22.ENCLB514RKT	0.12337662337662335	False
GCTAACGAATAGCGAC_22.ENCLB514RKT	0.08396946564885495	False
GGAGAACAATAGCGAC_22.ENCLB514RKT	0.05857740585774058	False
GTACGCAAATAGCGAC_22.ENCLB514RKT	0.10526315789473682	False
GTCTGTCAATAGCGAC_22.ENCLB514RKT	0.09749303621169914	False
TCTTCACAATAGCGAC_22.ENCLB514RKT	0.07804878048780488	False
TGGAACAAATAGCGAC_22.ENCLB514RKT	0.05857740585774058	False
TGGTGGTAATAGCGAC_22.ENCLB514RKT	0.10526315789473682	False
GATGAATCCACCTTAC_22.ENCLB514RKT	0.14598540145985406	False
AAGGACACCAGCGTTA_22.ENCLB514RKT	0.05078125	False
GCGAGTAACCTAATCC_22.ENCLB514RKT	0.14598540145985406	False
GCCACATACCTCCTGA_22.ENCLB514RKT	0.17500000000000007	False
CGACACACCCTCTATC_22.ENCLB514RKT	0.05078125	False
GCCACATACCTCTATC_22.ENCLB514RKT	0.1138461538461538	False
GCGAGTAACCTCTATC_22.ENCLB514RKT	0.12337662337662335	False
TGGCTTCACGACACAC_22.ENCLB514RKT	0.2380952380952381	False
CGACACACCTGAGCCA_22.ENCLB514RKT	0.1138461538461538	False
AGAGTCAAGAATCTGA_22.ENCLB514RKT	0.1595330739299611	False
TGGTGGTAGACAGTGC_22.ENCLB514RKT	0.05454545454545454	False
CTCAATGAGCCACATA_22.ENCLB514RKT	0.13402061855670097	False
TGGTGGTAGCCACATA_22.ENCLB514RKT	0.05454545454545454	False
ACACAGAATATCAGCA_22.ENCLB514RKT	0.19282511210762332	False
AAGAGATCTCTTCACA_22.ENCLB514RKT	0.09749303621169914	False
CGACACACAAGGTACA_21.ENCLB514RKT	0.09042553191489361	False
TCTTCACAACAGATTC_21.ENCLB514RKT	0.14598540145985406	False
GCGAGTAAACAGCAGA_21.ENCLB514RKT	0.26744186046511637	False
CCGTGAGAACCTCCAA_21.ENCLB514RKT	0.14598540145985406	False
ACAGCAGAACGTATCA_21.ENCLB514RKT	0.1138461538461538	False
CAAGGAGCATAGCGAC_21.ENCLB514RKT	0.1595330739299611	False
ACACGACCCAAGACTA_21.ENCLB514RKT	0.10526315789473682	False
GCCAAGACCAAGACTA_21.ENCLB514RKT	0.1138461538461538	False
GATGAATCCACCTTAC_21.ENCLB514RKT	0.17500000000000007	False
CGACACACCACTTCGA_21.ENCLB514RKT	0.04395604395604396	False
GATAGACACACTTCGA_21.ENCLB514RKT	0.10526315789473682	False
AAGGACACCAGCGTTA_21.ENCLB514RKT	0.13402061855670097	False
CAACCACACAGCGTTA_21.ENCLB514RKT	0.09042553191489361	False
CAAGGAGCCAGCGTTA_21.ENCLB514RKT	0.26744186046511637	False
CGACACACCAGCGTTA_21.ENCLB514RKT	0.1138461538461538	False
GCGAGTAACAGCGTTA_21.ENCLB514RKT	0.07804878048780488	False
GTACGCAACAGCGTTA_21.ENCLB514RKT	0.09749303621169914	False
TGGAACAACAGCGTTA_21.ENCLB514RKT	0.12337662337662335	False
AAGACGGACATCAAGT_21.ENCLB514RKT	0.17500000000000007	False
CTAAGGTCCCGAAGTA_21.ENCLB514RKT	0.05454545454545454	False
GCTCGGTACCGAAGTA_21.ENCLB514RKT	0.10526315789473682	False
GTGTTCTACCGAAGTA_21.ENCLB514RKT	0.1595330739299611	False
CCTCCTGACCGACAAC_21.ENCLB514RKT	0.12337662337662335	False
GCGAGTAACCTAATCC_21.ENCLB514RKT	0.06756756756756756	False
ACCACTGTCCTCTATC_21.ENCLB514RKT	0.13402061855670097	False
GACTAGTACGACTGGA_21.ENCLB514RKT	0.1595330739299611	False
ACACGACCCTCAATGA_21.ENCLB514RKT	0.14598540145985406	False
CGACACACCTCAATGA_21.ENCLB514RKT	0.1138461538461538	False
CGACACACCTGAGCCA_21.ENCLB514RKT	0.06290672451193058	False
GAATCTGACTGGCATA_21.ENCLB514RKT	0.12337662337662335	False
CAAGACTAGAGTTAGC_21.ENCLB514RKT	0.09042553191489361	False
AACTCACCGATGAATC_21.ENCLB514RKT	0.3032258064516129	False
CCGACAACGTCTGTCA_21.ENCLB514RKT	0.17500000000000007	False
CGACACACGTCTGTCA_21.ENCLB514RKT	0.2135922330097088	False
GCGAGTAAGTCTGTCA_21.ENCLB514RKT	0.17500000000000007	False
AAGAGATCTCTTCACA_21.ENCLB514RKT	0.2380952380952381	False
AAGAGATCTGGAACAA_21.ENCLB514RKT	0.1138461538461538	False
AACTCACCAACCGAGA_16.ENCLB514RKT	0.09042553191489361	False
AAGGACACAACCGAGA_16.ENCLB514RKT	0.07259953161592504	False
ACCACTGTAACCGAGA_16.ENCLB514RKT	0.04085257548845471	False
CACTTCGAAACCGAGA_16.ENCLB514RKT	0.13402061855670097	False
CTGTAGCCAACCGAGA_16.ENCLB514RKT	0.06290672451193058	False
GATGAATCAACCGAGA_16.ENCLB514RKT	0.09042553191489361	False
AACTCACCAACGTGAT_16.ENCLB514RKT	0.10526315789473682	False
ACCACTGTAACGTGAT_16.ENCLB514RKT	0.12337662337662335	False
AAACATCGAAGAGATC_16.ENCLB514RKT	0.1595330739299611	False
AACTCACCAAGGTACA_16.ENCLB514RKT	0.1595330739299611	False
CGACACACAAGGTACA_16.ENCLB514RKT	0.12337662337662335	False
GCGAGTAAAAGGTACA_16.ENCLB514RKT	0.1138461538461538	False
ATAGCGACACAGCAGA_16.ENCLB514RKT	0.14598540145985406	False
AGATGTACAGTCACTA_16.ENCLB514RKT	0.2135922330097088	False
CAAGGAGCAGTCACTA_16.ENCLB514RKT	0.09042553191489361	False
CAATGGAAAGTCACTA_16.ENCLB514RKT	0.19282511210762332	False
CGACACACAGTCACTA_16.ENCLB514RKT	0.10526315789473682	False
GCGAGTAAAGTCACTA_16.ENCLB514RKT	0.09042553191489361	False
CAAGGAGCAGTGGTCA_16.ENCLB514RKT	0.08396946564885495	False
CGACACACAGTGGTCA_16.ENCLB514RKT	0.14598540145985406	False
GATGAATCAGTGGTCA_16.ENCLB514RKT	0.13402061855670097	False
GCGAGTAAAGTGGTCA_16.ENCLB514RKT	0.09749303621169914	False
CAAGGAGCATAGCGAC_16.ENCLB514RKT	0.09749303621169914	False
GATGAATCCACCTTAC_16.ENCLB514RKT	0.10526315789473682	False
TATCAGCACCGAAGTA_16.ENCLB514RKT	0.1595330739299611	False
GCGAGTAACCTAATCC_16.ENCLB514RKT	0.09749303621169914	False
AGCAGGAACGACACAC_16.ENCLB514RKT	0.1138461538461538	False
TGGTGGTACGGATTGC_16.ENCLB514RKT	0.2135922330097088	False
CGACACACCTGAGCCA_16.ENCLB514RKT	0.14598540145985406	False
GAGCTGAAGATAGACA_16.ENCLB514RKT	0.12337662337662335	False
AACTCACCGATGAATC_16.ENCLB514RKT	0.3032258064516129	False
AATCCGTCGTACGCAA_16.ENCLB514RKT	0.1595330739299611	False
CAAGGAGCGTACGCAA_16.ENCLB514RKT	0.08396946564885495	False
CGACACACGTACGCAA_16.ENCLB514RKT	0.14598540145985406	False
GCGAGTAAGTACGCAA_16.ENCLB514RKT	0.07804878048780488	False
AAGAGATCTCTTCACA_16.ENCLB514RKT	0.19282511210762332	False
AGTCACTAAAGACGGA_14.ENCLB514RKT	0.07804878048780488	False
CAAGGAGCAGAGTCAA_14.ENCLB514RKT	0.06756756756756756	False
CGACACACAGAGTCAA_14.ENCLB514RKT	0.14598540145985406	False
GCCACATAAGAGTCAA_14.ENCLB514RKT	0.13402061855670097	False
GCGAGTAAAGAGTCAA_14.ENCLB514RKT	0.07804878048780488	False
CGACACACAGGCTAAC_14.ENCLB514RKT	0.10526315789473682	False
GCGAGTAAAGGCTAAC_14.ENCLB514RKT	0.07804878048780488	False
GGAGAACAAGGCTAAC_14.ENCLB514RKT	0.12337662337662335	False
CAAGGAGCATAGCGAC_14.ENCLB514RKT	0.10526315789473682	False
CACCTTACATCCTGTA_14.ENCLB514RKT	0.1138461538461538	False
GATGAATCCACCTTAC_14.ENCLB514RKT	0.2380952380952381	False
TGGTGGTACAGATCTG_14.ENCLB514RKT	0.26744186046511637	False
AGCCATGCCCAGTTCA_14.ENCLB514RKT	0.1138461538461538	False
ACGCTCGACCTCTATC_14.ENCLB514RKT	0.06756756756756756	False
CCGTGAGACGACTGGA_14.ENCLB514RKT	0.14598540145985406	False
GCTAACGAGACTAGTA_14.ENCLB514RKT	0.09042553191489361	False
AACTCACCGATGAATC_14.ENCLB514RKT	0.40495867768595034	False
CATCAAGTGGAGAACA_14.ENCLB514RKT	0.13402061855670097	False
GCTCGGTAGGAGAACA_14.ENCLB514RKT	0.2135922330097088	False
CTCAATGAGTCTGTCA_14.ENCLB514RKT	0.17500000000000007	False
ACACAGAATCCGTCTA_14.ENCLB514RKT	0.14598540145985406	False
AAGAGATCTCTTCACA_14.ENCLB514RKT	0.09042553191489361	False
AACTCACCTGGTGGTA_14.ENCLB514RKT	0.1595330739299611	False
AGCCATGCACAAGCTA_23.ENCLB514RKT	0.09042553191489361	False
CGCTGATCAGCCATGC_23.ENCLB514RKT	0.1595330739299611	False
CAAGGAGCATAGCGAC_23.ENCLB514RKT	0.05454545454545454	False
CGACACACCAATGGAA_23.ENCLB514RKT	0.13402061855670097	False
GATGAATCCACCTTAC_23.ENCLB514RKT	0.34782608695652184	False
GCCACATACACTTCGA_23.ENCLB514RKT	0.03257328990228014	False
CATACCAACATACCAA_23.ENCLB514RKT	0.12337662337662335	False
ATAGCGACCCTCTATC_23.ENCLB514RKT	0.19282511210762332	False
CGACACACCCTCTATC_23.ENCLB514RKT	0.09042553191489361	False
GCGAGTAACCTCTATC_23.ENCLB514RKT	0.13402061855670097	False
ACATTGGCCGACACAC_23.ENCLB514RKT	0.1595330739299611	False
CGCATACACGCATACA_23.ENCLB514RKT	0.05454545454545454	False
GCTAACGACTAAGGTC_23.ENCLB514RKT	0.26744186046511637	False
AGCACCTCGACAGTGC_23.ENCLB514RKT	0.1595330739299611	False
CGACACACGACAGTGC_23.ENCLB514RKT	0.10526315789473682	False
GCGAGTAAGACAGTGC_23.ENCLB514RKT	0.13402061855670097	False
AACTCACCGATGAATC_23.ENCLB514RKT	0.08396946564885495	False
CAAGGAGCGCTCGGTA_23.ENCLB514RKT	0.12337662337662335	False
CAATGGAAGCTCGGTA_23.ENCLB514RKT	0.19282511210762332	False
AGTCACTAGTCTGTCA_23.ENCLB514RKT	0.09042553191489361	False
GTACGCAATCCGTCTA_23.ENCLB514RKT	0.1595330739299611	False
TGGTGGTATCCGTCTA_23.ENCLB514RKT	0.05078125	False
ATTGAGGAAAGAGATC_18.ENCLB514RKT	0.09042553191489361	False
CAAGGAGCACCACTGT_18.ENCLB514RKT	0.10526315789473682	False
CGACACACACCACTGT_18.ENCLB514RKT	0.1138461538461538	False
GACAGTGCACCACTGT_18.ENCLB514RKT	0.10526315789473682	False
GCGAGTAAACCACTGT_18.ENCLB514RKT	0.10526315789473682	False
ACAGCAGAACGTATCA_18.ENCLB514RKT	0.08396946564885495	False
GGAGAACAACTATGCA_18.ENCLB514RKT	0.1595330739299611	False
AACTCACCAGATGTAC_18.ENCLB514RKT	0.2135922330097088	False
CCTCTATCAGATGTAC_18.ENCLB514RKT	0.13402061855670097	False
GATGAATCAGATGTAC_18.ENCLB514RKT	0.07259953161592504	False
CAAGGAGCATAGCGAC_18.ENCLB514RKT	0.14598540145985406	False
CAAGGAGCATCATTCC_18.ENCLB514RKT	0.06290672451193058	False
CCATCCTCATCATTCC_18.ENCLB514RKT	0.10526315789473682	False
CGACACACATCATTCC_18.ENCLB514RKT	0.09749303621169914	False
CATACCAACAAGGAGC_18.ENCLB514RKT	0.08396946564885495	False
ACCACTGTCACCTTAC_18.ENCLB514RKT	0.10526315789473682	False
GATGAATCCACCTTAC_18.ENCLB514RKT	0.26744186046511637	False
AATCCGTCCATACCAA_18.ENCLB514RKT	0.12337662337662335	False
AATGTTGCCCATCCTC_18.ENCLB514RKT	0.05454545454545454	False
CCTCCTGACCATCCTC_18.ENCLB514RKT	0.10526315789473682	False
GATGAATCCCATCCTC_18.ENCLB514RKT	0.04725897920604915	False
AATCCGTCCCGTGAGA_18.ENCLB514RKT	0.04395604395604396	False
GCGAGTAACCTAATCC_18.ENCLB514RKT	0.09749303621169914	False
ACCACTGTCCTCTATC_18.ENCLB514RKT	0.10526315789473682	False
CAAGGAGCCCTCTATC_18.ENCLB514RKT	0.13402061855670097	False
CGACACACCCTCTATC_18.ENCLB514RKT	0.13402061855670097	False
CGGATTGCCCTCTATC_18.ENCLB514RKT	0.1595330739299611	False
GCGAGTAACCTCTATC_18.ENCLB514RKT	0.12337662337662335	False
CGACACACCTGAGCCA_18.ENCLB514RKT	0.10526315789473682	False
AACTCACCGACAGTGC_18.ENCLB514RKT	0.09749303621169914	False
AAGGACACGACAGTGC_18.ENCLB514RKT	0.10526315789473682	False
ACACAGAAGACAGTGC_18.ENCLB514RKT	0.14598540145985406	False
GATGAATCGACAGTGC_18.ENCLB514RKT	0.06756756756756756	False
GCTAACGAGACAGTGC_18.ENCLB514RKT	0.1138461538461538	False
ATCATTCCGATAGACA_18.ENCLB514RKT	0.1595330739299611	False
AACTCACCGATGAATC_18.ENCLB514RKT	0.40495867768595034	False
TGGTGGTAGCCACATA_18.ENCLB514RKT	0.04085257548845471	False
GGAGAACAGCTCGGTA_18.ENCLB514RKT	0.2380952380952381	False
TGGCTTCAGCTCGGTA_18.ENCLB514RKT	0.07259953161592504	False
AGTGGTCAGGAGAACA_18.ENCLB514RKT	0.12337662337662335	False
CGGATTGCGTACGCAA_18.ENCLB514RKT	0.17500000000000007	False
AGATGTACTATCAGCA_18.ENCLB514RKT	0.1138461538461538	False
CGACACACTATCAGCA_18.ENCLB514RKT	0.05857740585774058	False
GCCACATATATCAGCA_18.ENCLB514RKT	0.09042553191489361	False
CAAGGAGCTCCGTCTA_18.ENCLB514RKT	0.07804878048780488	False
CGACACACTCCGTCTA_18.ENCLB514RKT	0.14598540145985406	False
GCCAAGACTCCGTCTA_18.ENCLB514RKT	0.19282511210762332	False
GCGAGTAATCCGTCTA_18.ENCLB514RKT	0.09042553191489361	False
AAGAGATCTCTTCACA_18.ENCLB514RKT	0.1138461538461538	False
CTAAGGTCTGAAGAGA_18.ENCLB514RKT	0.2380952380952381	False
AGTACAAGTGGCTTCA_18.ENCLB514RKT	0.12337662337662335	False
AACTCACCAAGACGGA_12.ENCLB514RKT	0.10526315789473682	False
AATGTTGCAAGACGGA_12.ENCLB514RKT	0.10526315789473682	False
ACCACTGTAAGACGGA_12.ENCLB514RKT	0.13402061855670097	False
AGTCACTAAAGACGGA_12.ENCLB514RKT	0.04395604395604396	False
CCTCTATCAAGACGGA_12.ENCLB514RKT	0.04725897920604915	False
GATGAATCAAGACGGA_12.ENCLB514RKT	0.07804878048780488	False
GACTAGTAAAGGTACA_12.ENCLB514RKT	0.14598540145985406	False
ACAGCAGAAATCCGTC_12.ENCLB514RKT	0.12337662337662335	False
AACAACCAAATGTTGC_12.ENCLB514RKT	0.10526315789473682	False
ACAGCAGAACGTATCA_12.ENCLB514RKT	0.10526315789473682	False
CAAGGAGCATAGCGAC_12.ENCLB514RKT	0.07804878048780488	False
CACTTCGAATCCTGTA_12.ENCLB514RKT	0.1138461538461538	False
GAACAGGCCAACCACA_12.ENCLB514RKT	0.14598540145985406	False
CAGCGTTACACCTTAC_12.ENCLB514RKT	0.1595330739299611	False
GATGAATCCACCTTAC_12.ENCLB514RKT	0.3032258064516129	False
GCGAGTAACAGATCTG_12.ENCLB514RKT	0.14598540145985406	False
CATCAAGTCATACCAA_12.ENCLB514RKT	0.26744186046511637	False
AGTCACTAGAGTTAGC_12.ENCLB514RKT	0.10526315789473682	False
AACTCACCGATGAATC_12.ENCLB514RKT	0.1138461538461538	False
CTGGCATAGATGAATC_12.ENCLB514RKT	0.10526315789473682	False
AATGTTGCGGTGCGAA_12.ENCLB514RKT	0.17500000000000007	False
CAATGGAATGGCTTCA_12.ENCLB514RKT	0.2135922330097088	False
TGGAACAAAACAACCA_34.ENCLB273ZWE	0.2135922330097088	False
CCATCCTCACCACTGT_34.ENCLB273ZWE	0.12337662337662335	False
TGGAACAAAGAGTCAA_34.ENCLB273ZWE	0.14598540145985406	False
CATACCAAAGATGTAC_34.ENCLB273ZWE	0.06290672451193058	False
CAAGGAGCATAGCGAC_34.ENCLB273ZWE	0.2135922330097088	False
ACATTGGCCAATGGAA_34.ENCLB273ZWE	0.1595330739299611	False
AGTCACTACAATGGAA_34.ENCLB273ZWE	0.19282511210762332	False
CAACCACACAGCGTTA_34.ENCLB273ZWE	0.2135922330097088	False
CGACACACCAGCGTTA_34.ENCLB273ZWE	0.17500000000000007	False
AGGCTAACCGACTGGA_34.ENCLB273ZWE	0.13402061855670097	False
AATCCGTCCTAAGGTC_34.ENCLB273ZWE	0.14598540145985406	False
AAGAGATCGCTAACGA_34.ENCLB273ZWE	0.1595330739299611	False
AACCGAGAGCTCGGTA_34.ENCLB273ZWE	0.03517587939698493	False
ATAGCGACAAACATCG_28.ENCLB273ZWE	0.09042553191489361	False
GATAGACAACATTGGC_28.ENCLB273ZWE	0.17500000000000007	False
ACAAGCTAACCACTGT_28.ENCLB273ZWE	0.13402061855670097	False
CAAGGAGCACGTATCA_28.ENCLB273ZWE	0.05857740585774058	False
CGCTGATCAGTGGTCA_28.ENCLB273ZWE	0.07259953161592504	False
CAAGGAGCATAGCGAC_28.ENCLB273ZWE	0.07259953161592504	False
GATAGACAATTGGCTC_28.ENCLB273ZWE	0.3032258064516129	False
ACCTCCAACACCTTAC_28.ENCLB273ZWE	0.09042553191489361	False
AAACATCGCCGTGAGA_28.ENCLB273ZWE	0.17500000000000007	False
CGACACACCCGTGAGA_28.ENCLB273ZWE	0.1138461538461538	False
CGGATTGCGAGCTGAA_28.ENCLB273ZWE	0.09042553191489361	False
AACAACCAGATGAATC_28.ENCLB273ZWE	0.12337662337662335	False
AACTCACCGATGAATC_28.ENCLB273ZWE	0.05857740585774058	False
CGACACACGATGAATC_28.ENCLB273ZWE	0.06290672451193058	False
GTCTGTCAGATGAATC_28.ENCLB273ZWE	0.06756756756756756	False
ATTGGCTCGCGAGTAA_28.ENCLB273ZWE	0.1595330739299611	False
CATCAAGTTATCAGCA_28.ENCLB273ZWE	0.3032258064516129	False
CGACACACTATCAGCA_28.ENCLB273ZWE	0.09042553191489361	False
GTCTGTCATCCGTCTA_28.ENCLB273ZWE	0.13402061855670097	False
CAATGGAATGGTGGTA_28.ENCLB273ZWE	0.19282511210762332	False
GTCGTAGAAACAACCA_46.ENCLB273ZWE	0.1595330739299611	False
AGGCTAACAACGCTTA_46.ENCLB273ZWE	0.12337662337662335	False
AGTGGTCAAAGGTACA_46.ENCLB273ZWE	0.19282511210762332	False
CAAGGAGCATAGCGAC_46.ENCLB273ZWE	0.14598540145985406	False
CTCAATGAATTGGCTC_46.ENCLB273ZWE	0.09042553191489361	False
CTGAGCCACAACCACA_46.ENCLB273ZWE	0.04725897920604915	False
ACCTCCAACCAGTTCA_46.ENCLB273ZWE	0.06290672451193058	False
GAGTTAGCCCATCCTC_46.ENCLB273ZWE	0.05078125	False
ACTATGCACGACACAC_46.ENCLB273ZWE	0.2380952380952381	False
AAGGTACACTGGCATA_46.ENCLB273ZWE	0.12337662337662335	False
GAGCTGAAGGAGAACA_46.ENCLB273ZWE	0.26744186046511637	False
ATCATTCCGTCTGTCA_46.ENCLB273ZWE	0.1595330739299611	False
CCTCTATCTCCGTCTA_46.ENCLB273ZWE	0.08396946564885495	False
GTCGTAGATGGTGGTA_46.ENCLB273ZWE	0.05078125	False
AAGACGGAACAGATTC_33.ENCLB273ZWE	0.08396946564885495	False
CAGCGTTAAGTCACTA_33.ENCLB273ZWE	0.1595330739299611	False
AACTCACCCACCTTAC_33.ENCLB273ZWE	0.1138461538461538	False
AAGGACACCACCTTAC_33.ENCLB273ZWE	0.1138461538461538	False
AATCCGTCCACCTTAC_33.ENCLB273ZWE	0.05857740585774058	False
AATGTTGCCACCTTAC_33.ENCLB273ZWE	0.06756756756756756	False
ACAGCAGACACCTTAC_33.ENCLB273ZWE	0.06290672451193058	False
ACCACTGTCACCTTAC_33.ENCLB273ZWE	0.08396946564885495	False
AGATGTACCACCTTAC_33.ENCLB273ZWE	0.06756756756756756	False
ATCATTCCCACCTTAC_33.ENCLB273ZWE	0.05857740585774058	False
ATTGGCTCCACCTTAC_33.ENCLB273ZWE	0.04395604395604396	False
CAATGGAACACCTTAC_33.ENCLB273ZWE	0.05454545454545454	False
CACTTCGACACCTTAC_33.ENCLB273ZWE	0.12337662337662335	False
CAGCGTTACACCTTAC_33.ENCLB273ZWE	0.06290672451193058	False
CCATCCTCCACCTTAC_33.ENCLB273ZWE	0.05454545454545454	False
CCTCCTGACACCTTAC_33.ENCLB273ZWE	0.06756756756756756	False
CCTCTATCCACCTTAC_33.ENCLB273ZWE	0.07259953161592504	False
CGAACTTACACCTTAC_33.ENCLB273ZWE	0.08396946564885495	False
CTGTAGCCCACCTTAC_33.ENCLB273ZWE	0.09042553191489361	False
GATGAATCCACCTTAC_33.ENCLB273ZWE	0.13402061855670097	False
GCCAAGACCACCTTAC_33.ENCLB273ZWE	0.04725897920604915	False
GCCACATACACCTTAC_33.ENCLB273ZWE	0.07804878048780488	False
GCGAGTAACACCTTAC_33.ENCLB273ZWE	0.027777777777777773	False
GCTCGGTACACCTTAC_33.ENCLB273ZWE	0.09042553191489361	False
TGGTGGTACACCTTAC_33.ENCLB273ZWE	0.07804878048780488	False
CCAGTTCACGCTGATC_33.ENCLB273ZWE	0.05857740585774058	False
ATCATTCCGACAGTGC_33.ENCLB273ZWE	0.1138461538461538	False
GCCAAGACGCTCGGTA_33.ENCLB273ZWE	0.04725897920604915	False
CGGATTGCGTGTTCTA_33.ENCLB273ZWE	0.09749303621169914	False
TGGTGGTATAGGATGA_33.ENCLB273ZWE	0.19282511210762332	False
CCATCCTCTCCGTCTA_33.ENCLB273ZWE	0.1595330739299611	False
GGTGCGAAAAACATCG_27.ENCLB273ZWE	0.09042553191489361	False
GATAGACAAAGACGGA_27.ENCLB273ZWE	0.19282511210762332	False
CAAGACTAAAGGACAC_27.ENCLB273ZWE	0.12337662337662335	False
ACTATGCAACACGACC_27.ENCLB273ZWE	0.10526315789473682	False
ACAAGCTAACATTGGC_27.ENCLB273ZWE	0.17500000000000007	False
AGCCATGCACTATGCA_27.ENCLB273ZWE	0.03517587939698493	False
GTCTGTCAAGGCTAAC_27.ENCLB273ZWE	0.09042553191489361	False
CAAGGAGCATAGCGAC_27.ENCLB273ZWE	0.19282511210762332	False
GATGAATCCACCTTAC_27.ENCLB273ZWE	0.19282511210762332	False
ATCCTGTACCGTGAGA_27.ENCLB273ZWE	0.1138461538461538	False
CCTCCTGACCGTGAGA_27.ENCLB273ZWE	0.3032258064516129	False
CCGAAGTACCTCTATC_27.ENCLB273ZWE	0.05857740585774058	False
GCGAGTAACCTCTATC_27.ENCLB273ZWE	0.07259953161592504	False
CGACACACCGCTGATC_27.ENCLB273ZWE	0.05078125	False
GCGAGTAACGCTGATC_27.ENCLB273ZWE	0.08396946564885495	False
TGGAACAACGCTGATC_27.ENCLB273ZWE	0.1595330739299611	False
CGAACTTACTCAATGA_27.ENCLB273ZWE	0.09749303621169914	False
GCCAAGACCTGAGCCA_27.ENCLB273ZWE	0.09042553191489361	False
AGATGTACCTGTAGCC_27.ENCLB273ZWE	0.10526315789473682	False
CACTTCGAGAATCTGA_27.ENCLB273ZWE	0.12337662337662335	False
AACTCACCGATGAATC_27.ENCLB273ZWE	0.1595330739299611	False
GATAGACAGCCACATA_27.ENCLB273ZWE	0.06756756756756756	False
GCCACATAGCTAACGA_27.ENCLB273ZWE	0.09749303621169914	False
AAGGACACGGAGAACA_27.ENCLB273ZWE	0.12337662337662335	False
CGACACACGGAGAACA_27.ENCLB273ZWE	0.10526315789473682	False
AACTCACCGTACGCAA_27.ENCLB273ZWE	0.14598540145985406	False
CACCTTACGTACGCAA_27.ENCLB273ZWE	0.26744186046511637	False
TGGCTTCATATCAGCA_27.ENCLB273ZWE	0.08396946564885495	False
AAGAGATCTCTTCACA_27.ENCLB273ZWE	0.13402061855670097	False
CATACCAAAACGTGAT_41.ENCLB273ZWE	0.08396946564885495	False
AATCCGTCAACTCACC_41.ENCLB273ZWE	0.13402061855670097	False
CAGCGTTAACACAGAA_41.ENCLB273ZWE	0.2380952380952381	False
AACAACCAAGTGGTCA_41.ENCLB273ZWE	0.05857740585774058	False
CAAGGAGCATAGCGAC_41.ENCLB273ZWE	0.1595330739299611	False
AATCCGTCCAAGACTA_41.ENCLB273ZWE	0.2135922330097088	False
ACAGCAGACAATGGAA_41.ENCLB273ZWE	0.06756756756756756	False
GATGAATCCACCTTAC_41.ENCLB273ZWE	0.17500000000000007	False
ACACGACCCACTTCGA_41.ENCLB273ZWE	0.14598540145985406	False
CCTCTATCCACTTCGA_41.ENCLB273ZWE	0.13402061855670097	False
CGACACACCACTTCGA_41.ENCLB273ZWE	0.05078125	False
AACCGAGACCGAAGTA_41.ENCLB273ZWE	0.13402061855670097	False
GGAGAACACCGTGAGA_41.ENCLB273ZWE	0.1595330739299611	False
ACCTCCAACGAACTTA_41.ENCLB273ZWE	0.17500000000000007	False
CGACACACCGAACTTA_41.ENCLB273ZWE	0.1595330739299611	False
GCGAGTAACGAACTTA_41.ENCLB273ZWE	0.13402061855670097	False
ATAGCGACCGACTGGA_41.ENCLB273ZWE	0.19282511210762332	False
AACGCTTACTGGCATA_41.ENCLB273ZWE	0.14598540145985406	False
AACTCACCGAACAGGC_41.ENCLB273ZWE	0.09749303621169914	False
AATGTTGCGAACAGGC_41.ENCLB273ZWE	0.09749303621169914	False
AGGCTAACGACTAGTA_41.ENCLB273ZWE	0.09749303621169914	False
ACAAGCTAGATAGACA_41.ENCLB273ZWE	0.13402061855670097	False
ATCATTCCGATAGACA_41.ENCLB273ZWE	0.09749303621169914	False
AACTCACCGATGAATC_41.ENCLB273ZWE	0.2135922330097088	False
GTGTTCTAGCGAGTAA_41.ENCLB273ZWE	0.10526315789473682	False
TGGTGGTAGCTCGGTA_41.ENCLB273ZWE	0.17500000000000007	False
GAACAGGCTCCGTCTA_41.ENCLB273ZWE	0.2135922330097088	False
CGCATACAAGATGTAC_45.ENCLB273ZWE	0.26744186046511637	False
CAATGGAAAGCACCTC_45.ENCLB273ZWE	0.2135922330097088	False
AACGTGATAGCAGGAA_45.ENCLB273ZWE	0.13402061855670097	False
TGAAGAGAAGCCATGC_45.ENCLB273ZWE	0.2135922330097088	False
ACGTATCAAGTGGTCA_45.ENCLB273ZWE	0.1595330739299611	False
CAAGGAGCATAGCGAC_45.ENCLB273ZWE	0.12337662337662335	False
GATGAATCCACCTTAC_45.ENCLB273ZWE	0.2380952380952381	False
GCCAAGACCACCTTAC_45.ENCLB273ZWE	0.1138461538461538	False
CGACACACCAGCGTTA_45.ENCLB273ZWE	0.2135922330097088	False
GCCAAGACCAGCGTTA_45.ENCLB273ZWE	0.09749303621169914	False
CGAACTTACCGAAGTA_45.ENCLB273ZWE	0.1138461538461538	False
CGACACACCCGAAGTA_45.ENCLB273ZWE	0.06756756756756756	False
ACCACTGTCCTCTATC_45.ENCLB273ZWE	0.07259953161592504	False
TGAAGAGACCTCTATC_45.ENCLB273ZWE	0.07804878048780488	False
GCCACATACGGATTGC_45.ENCLB273ZWE	0.14598540145985406	False
GATGAATCCTCAATGA_45.ENCLB273ZWE	0.07804878048780488	False
ACAAGCTAGAGTTAGC_45.ENCLB273ZWE	0.07804878048780488	False
AACTCACCGATGAATC_45.ENCLB273ZWE	0.1595330739299611	False
AAGACGGAGATGAATC_45.ENCLB273ZWE	0.1138461538461538	False
CTCAATGAGTGTTCTA_45.ENCLB273ZWE	0.12337662337662335	False
ACGTATCAACAAGCTA_26.ENCLB273ZWE	0.09042553191489361	False
CAGATCTGACAAGCTA_26.ENCLB273ZWE	0.14598540145985406	False
ACAAGCTAACACAGAA_26.ENCLB273ZWE	0.14598540145985406	False
CGACTGGAACACGACC_26.ENCLB273ZWE	0.05857740585774058	False
ACAGATTCAGCCATGC_26.ENCLB273ZWE	0.13402061855670097	False
CAAGGAGCATAGCGAC_26.ENCLB273ZWE	0.13402061855670097	False
AAGACGGACACCTTAC_26.ENCLB273ZWE	0.17500000000000007	False
GATGAATCCACCTTAC_26.ENCLB273ZWE	0.09749303621169914	False
GGAGAACACACCTTAC_26.ENCLB273ZWE	0.10526315789473682	False
CCATCCTCCATACCAA_26.ENCLB273ZWE	0.19282511210762332	False
AGCCATGCCCAGTTCA_26.ENCLB273ZWE	0.13402061855670097	False
CCGAAGTACGGATTGC_26.ENCLB273ZWE	0.13402061855670097	False
CGCTGATCCGGATTGC_26.ENCLB273ZWE	0.07804878048780488	False
AAACATCGTATCAGCA_26.ENCLB273ZWE	0.5862068965517239	True
AACAACCATTCACGCA_26.ENCLB273ZWE	0.1595330739299611	False
AACTCACCAAACATCG_32.ENCLB273ZWE	0.03517587939698493	False
AAGGTACAAAACATCG_32.ENCLB273ZWE	0.05857740585774058	False
CAAGGAGCAAACATCG_32.ENCLB273ZWE	0.13402061855670097	False
GATGAATCAAGAGATC_32.ENCLB273ZWE	0.26744186046511637	False
AATCCGTCAAGGACAC_32.ENCLB273ZWE	0.09749303621169914	False
AACTCACCACACGACC_32.ENCLB273ZWE	0.14598540145985406	False
ACAGCAGAACGTATCA_32.ENCLB273ZWE	0.07259953161592504	False
ACACGACCAGAGTCAA_32.ENCLB273ZWE	0.09042553191489361	False
AACGCTTAAGCAGGAA_32.ENCLB273ZWE	0.07259953161592504	False
GCCAAGACAGCCATGC_32.ENCLB273ZWE	0.07804878048780488	False
CAAGGAGCATAGCGAC_32.ENCLB273ZWE	0.12337662337662335	False
GATGAATCCACCTTAC_32.ENCLB273ZWE	0.2380952380952381	False
CCGTGAGACACTTCGA_32.ENCLB273ZWE	0.10526315789473682	False
GTGTTCTACATACCAA_32.ENCLB273ZWE	0.09749303621169914	False
GTGTTCTACCTCCTGA_32.ENCLB273ZWE	0.05857740585774058	False
CAGATCTGGAGTTAGC_32.ENCLB273ZWE	0.1138461538461538	False
AACTCACCGATGAATC_32.ENCLB273ZWE	0.09749303621169914	False
AAGGACACGATGAATC_32.ENCLB273ZWE	0.07804878048780488	False
AATCCGTCGATGAATC_32.ENCLB273ZWE	0.027777777777777773	False
AATGTTGCGATGAATC_32.ENCLB273ZWE	0.05078125	False
ACAAGCTAGATGAATC_32.ENCLB273ZWE	0.04725897920604915	False
ACACAGAAGATGAATC_32.ENCLB273ZWE	0.04085257548845471	False
ACAGCAGAGATGAATC_32.ENCLB273ZWE	0.05078125	False
ACCACTGTGATGAATC_32.ENCLB273ZWE	0.06756756756756756	False
AGATCGCAGATGAATC_32.ENCLB273ZWE	0.03793103448275863	False
AGATGTACGATGAATC_32.ENCLB273ZWE	0.03793103448275863	False
AGTCACTAGATGAATC_32.ENCLB273ZWE	0.03517587939698493	False
ATCATTCCGATGAATC_32.ENCLB273ZWE	0.05857740585774058	False
ATTGGCTCGATGAATC_32.ENCLB273ZWE	0.03011093502377179	False
CAAGGAGCGATGAATC_32.ENCLB273ZWE	0.03011093502377179	False
CAATGGAAGATGAATC_32.ENCLB273ZWE	0.03257328990228014	False
CACTTCGAGATGAATC_32.ENCLB273ZWE	0.03517587939698493	False
CCTCCTGAGATGAATC_32.ENCLB273ZWE	0.04395604395604396	False
CCTCTATCGATGAATC_32.ENCLB273ZWE	0.04725897920604915	False
CGAACTTAGATGAATC_32.ENCLB273ZWE	0.03011093502377179	False
CGACACACGATGAATC_32.ENCLB273ZWE	0.03517587939698493	False
CTCAATGAGATGAATC_32.ENCLB273ZWE	0.019553072625698324	False
CTGGCATAGATGAATC_32.ENCLB273ZWE	0.06756756756756756	False
CTGTAGCCGATGAATC_32.ENCLB273ZWE	0.05454545454545454	False
GATGAATCGATGAATC_32.ENCLB273ZWE	0.07259953161592504	False
GCCACATAGATGAATC_32.ENCLB273ZWE	0.05454545454545454	False
GCGAGTAAGATGAATC_32.ENCLB273ZWE	0.03011093502377179	False
GCTAACGAGATGAATC_32.ENCLB273ZWE	0.02346041055718475	False
GCTCGGTAGATGAATC_32.ENCLB273ZWE	0.03011093502377179	False
GTGTTCTAGATGAATC_32.ENCLB273ZWE	0.05454545454545454	False
TCTTCACAGATGAATC_32.ENCLB273ZWE	0.05857740585774058	False
TGGTGGTAGATGAATC_32.ENCLB273ZWE	0.05078125	False
GTGTTCTAGCGAGTAA_32.ENCLB273ZWE	0.07259953161592504	False
ATCATTCCGCTAACGA_32.ENCLB273ZWE	0.13402061855670097	False
AGTACAAGTCCGTCTA_32.ENCLB273ZWE	0.10526315789473682	False
CCATCCTCAAACATCG_37.ENCLB273ZWE	0.06290672451193058	False
AACTCACCAACGCTTA_37.ENCLB273ZWE	0.12337662337662335	False
AAGGACACAAGGTACA_37.ENCLB273ZWE	0.09749303621169914	False
ACGTATCAAATCCGTC_37.ENCLB273ZWE	0.1138461538461538	False
GCGAGTAAACAGATTC_37.ENCLB273ZWE	0.10526315789473682	False
AATGTTGCAGCACCTC_37.ENCLB273ZWE	0.14598540145985406	False
ATGCCTAAAGTACAAG_37.ENCLB273ZWE	0.1595330739299611	False
CAGATCTGCACTTCGA_37.ENCLB273ZWE	0.06756756756756756	False
GGAGAACACCGAAGTA_37.ENCLB273ZWE	0.26744186046511637	False
GCTCGGTACCGACAAC_37.ENCLB273ZWE	0.09749303621169914	False
CCATCCTCCGCTGATC_37.ENCLB273ZWE	0.14598540145985406	False
GCCAAGACCGGATTGC_37.ENCLB273ZWE	0.08396946564885495	False
ACACAGAACTGGCATA_37.ENCLB273ZWE	0.05857740585774058	False
GGAGAACACTGGCATA_37.ENCLB273ZWE	0.1138461538461538	False
GACAGTGCGATGAATC_37.ENCLB273ZWE	0.09749303621169914	False
CTGGCATATGGTGGTA_37.ENCLB273ZWE	0.08396946564885495	False
CCATCCTCAACAACCA_35.ENCLB273ZWE	0.2135922330097088	False
GGTGCGAAAACTCACC_35.ENCLB273ZWE	0.07259953161592504	False
AGCCATGCACAAGCTA_35.ENCLB273ZWE	0.12337662337662335	False
CAAGGAGCACAAGCTA_35.ENCLB273ZWE	0.08396946564885495	False
CGACACACACAAGCTA_35.ENCLB273ZWE	0.09042553191489361	False
GCGAGTAAACAAGCTA_35.ENCLB273ZWE	0.08396946564885495	False
CCTCCTGAACAGCAGA_35.ENCLB273ZWE	0.12337662337662335	False
CAAGGAGCAGCACCTC_35.ENCLB273ZWE	0.07259953161592504	False
CAAGGAGCATAGCGAC_35.ENCLB273ZWE	0.26744186046511637	False
CAATGGAAATAGCGAC_35.ENCLB273ZWE	0.07804878048780488	False
CAGCGTTACAACCACA_35.ENCLB273ZWE	0.09042553191489361	False
CAAGACTACAAGACTA_35.ENCLB273ZWE	0.12337662337662335	False
GATGAATCCACCTTAC_35.ENCLB273ZWE	0.09042553191489361	False
GCCACATACACTTCGA_35.ENCLB273ZWE	0.05078125	False
CCGAAGTACGCATACA_35.ENCLB273ZWE	0.1595330739299611	False
GCTCGGTACGCTGATC_35.ENCLB273ZWE	0.09749303621169914	False
CGACACACCTGAGCCA_35.ENCLB273ZWE	0.05857740585774058	False
GACTAGTACTGAGCCA_35.ENCLB273ZWE	0.1595330739299611	False
ACAGATTCGACTAGTA_35.ENCLB273ZWE	0.1138461538461538	False
GATGAATCGAGCTGAA_35.ENCLB273ZWE	0.07259953161592504	False
AACTCACCGATGAATC_35.ENCLB273ZWE	0.26744186046511637	False
CTGTAGCCGATGAATC_35.ENCLB273ZWE	0.19282511210762332	False
CCTCCTGAGCGAGTAA_35.ENCLB273ZWE	0.09749303621169914	False
AAGAGATCTCTTCACA_35.ENCLB273ZWE	0.09042553191489361	False
AAGGACACTGGCTTCA_35.ENCLB273ZWE	0.2380952380952381	False
TGGTGGTATGGCTTCA_35.ENCLB273ZWE	0.14598540145985406	False
CGACTGGATGGTGGTA_35.ENCLB273ZWE	0.2380952380952381	False
ACAAGCTATTCACGCA_35.ENCLB273ZWE	0.13402061855670097	False
CATACCAAAACCGAGA_42.ENCLB273ZWE	0.2380952380952381	False
GCCAAGACAAGGACAC_42.ENCLB273ZWE	0.08396946564885495	False
CATACCAAACAGCAGA_42.ENCLB273ZWE	0.05454545454545454	False
CCATCCTCAGAGTCAA_42.ENCLB273ZWE	0.2380952380952381	False
CTGGCATAATCATTCC_42.ENCLB273ZWE	0.2135922330097088	False
AGATGTACATGCCTAA_42.ENCLB273ZWE	0.09749303621169914	False
TGAAGAGACCGTGAGA_42.ENCLB273ZWE	0.1138461538461538	False
ATTGGCTCCGACTGGA_42.ENCLB273ZWE	0.07259953161592504	False
AACAACCAAATGTTGC_36.ENCLB273ZWE	0.03011093502377179	False
AGCAGGAAAGCACCTC_36.ENCLB273ZWE	0.04085257548845471	False
TGGAACAAAGGCTAAC_36.ENCLB273ZWE	0.09042553191489361	False
CAAGGAGCATAGCGAC_36.ENCLB273ZWE	0.2135922330097088	False
CCTCTATCATAGCGAC_36.ENCLB273ZWE	0.14598540145985406	False
CACCTTACCAAGACTA_36.ENCLB273ZWE	0.07259953161592504	False
GATGAATCCACCTTAC_36.ENCLB273ZWE	0.17500000000000007	False
GTCGTAGACATACCAA_36.ENCLB273ZWE	0.05078125	False
ACGCTCGACTGGCATA_36.ENCLB273ZWE	0.2380952380952381	False
CGACACACCTGGCATA_36.ENCLB273ZWE	0.14598540145985406	False
GCGAGTAACTGGCATA_36.ENCLB273ZWE	0.1595330739299611	False
TGGTGGTAGCCACATA_36.ENCLB273ZWE	0.3032258064516129	False
ATTGAGGAGCTAACGA_36.ENCLB273ZWE	0.09042553191489361	False
CTGGCATAGGTGCGAA_36.ENCLB273ZWE	0.17500000000000007	False
TAGGATGAGGTGCGAA_36.ENCLB273ZWE	0.17500000000000007	False
ACGTATCATAGGATGA_36.ENCLB273ZWE	0.05857740585774058	False
ACATTGGCTGGCTTCA_36.ENCLB273ZWE	0.06290672451193058	False
CCTCTATCAAGACGGA_47.ENCLB273ZWE	0.1595330739299611	False
GACTAGTAAGATCGCA_47.ENCLB273ZWE	0.1138461538461538	False
CAAGGAGCATAGCGAC_47.ENCLB273ZWE	0.08396946564885495	False
CCATCCTCATGCCTAA_47.ENCLB273ZWE	0.09042553191489361	False
ATAGCGACCAACCACA_47.ENCLB273ZWE	0.12337662337662335	False
GTACGCAACCAGTTCA_47.ENCLB273ZWE	0.2135922330097088	False
CCGTGAGACTAAGGTC_47.ENCLB273ZWE	0.14598540145985406	False
CTGGCATACTGTAGCC_47.ENCLB273ZWE	0.13402061855670097	False
GAACAGGCCTGTAGCC_47.ENCLB273ZWE	0.19282511210762332	False
GGAGAACAGATAGACA_47.ENCLB273ZWE	0.06290672451193058	False
GTCGTAGAGTCTGTCA_47.ENCLB273ZWE	0.06290672451193058	False
TCCGTCTATAGGATGA_47.ENCLB273ZWE	0.12337662337662335	False
AACCGAGAAACAACCA_30.ENCLB273ZWE	0.1138461538461538	False
GGTGCGAAAACGTGAT_30.ENCLB273ZWE	0.08396946564885495	False
AGCAGGAAAAGGACAC_30.ENCLB273ZWE	0.34782608695652184	False
CTGGCATAACAAGCTA_30.ENCLB273ZWE	0.2135922330097088	False
CCTCTATCAGATGTAC_30.ENCLB273ZWE	0.26744186046511637	False
CGGATTGCAGCCATGC_30.ENCLB273ZWE	0.13402061855670097	False
CAAGGAGCATAGCGAC_30.ENCLB273ZWE	0.13402061855670097	False
CGCATACAATCATTCC_30.ENCLB273ZWE	0.17500000000000007	False
TGGAACAACAACCACA_30.ENCLB273ZWE	0.07259953161592504	False
CATACCAACAAGGAGC_30.ENCLB273ZWE	0.12337662337662335	False
CAGCGTTACAATGGAA_30.ENCLB273ZWE	0.07804878048780488	False
ACCACTGTCACCTTAC_30.ENCLB273ZWE	0.06756756756756756	False
GATGAATCCACCTTAC_30.ENCLB273ZWE	0.2380952380952381	False
AATGTTGCCCATCCTC_30.ENCLB273ZWE	0.19282511210762332	False
CCTCCTGACCATCCTC_30.ENCLB273ZWE	0.06756756756756756	False
CGAACTTACCGACAAC_30.ENCLB273ZWE	0.1595330739299611	False
AATCCGTCCCGTGAGA_30.ENCLB273ZWE	0.06756756756756756	False
ATTGGCTCCCTCCTGA_30.ENCLB273ZWE	0.1595330739299611	False
CGGATTGCCCTCTATC_30.ENCLB273ZWE	0.09042553191489361	False
ATCCTGTACTAAGGTC_30.ENCLB273ZWE	0.09042553191489361	False
AGAGTCAACTCAATGA_30.ENCLB273ZWE	0.13402061855670097	False
CGACACACCTCAATGA_30.ENCLB273ZWE	0.06756756756756756	False
CGCTGATCCTCAATGA_30.ENCLB273ZWE	0.12337662337662335	False
GCGAGTAACTCAATGA_30.ENCLB273ZWE	0.05857740585774058	False
ACACAGAAGACAGTGC_30.ENCLB273ZWE	0.07259953161592504	False
ATTGGCTCGAGCTGAA_30.ENCLB273ZWE	0.07259953161592504	False
ATCATTCCGATAGACA_30.ENCLB273ZWE	0.12337662337662335	False
AACTCACCGATGAATC_30.ENCLB273ZWE	0.2380952380952381	False
CGCATACAGGAGAACA_30.ENCLB273ZWE	0.10526315789473682	False
GCCACATATATCAGCA_30.ENCLB273ZWE	0.19282511210762332	False
GCCAAGACTCCGTCTA_30.ENCLB273ZWE	0.05857740585774058	False
CTAAGGTCTGAAGAGA_30.ENCLB273ZWE	0.1595330739299611	False
TGAAGAGATGAAGAGA_30.ENCLB273ZWE	0.13402061855670097	False
GAACAGGCTTCACGCA_30.ENCLB273ZWE	0.3032258064516129	False
AAGGACACAACCGAGA_43.ENCLB273ZWE	0.09749303621169914	False
GACTAGTAAGCACCTC_43.ENCLB273ZWE	0.10526315789473682	False
CAAGGAGCATAGCGAC_43.ENCLB273ZWE	0.34782608695652184	False
CAATGGAACCTCCTGA_43.ENCLB273ZWE	0.2380952380952381	False
TGGTGGTAGCCACATA_43.ENCLB273ZWE	0.04395604395604396	False
GACTAGTAGCTCGGTA_43.ENCLB273ZWE	0.09042553191489361	False
GTGTTCTAGGTGCGAA_43.ENCLB273ZWE	0.1595330739299611	False
AATCCGTCGTACGCAA_43.ENCLB273ZWE	0.10526315789473682	False
CCGTGAGAGTACGCAA_43.ENCLB273ZWE	0.12337662337662335	False
ATCCTGTAGTGTTCTA_43.ENCLB273ZWE	0.19282511210762332	False
AACGTGATTAGGATGA_43.ENCLB273ZWE	0.09042553191489361	False
CCTCTATCTTCACGCA_43.ENCLB273ZWE	0.1138461538461538	False
AAGGACACAACCGAGA_38.ENCLB273ZWE	0.05454545454545454	False
CACTTCGAAACCGAGA_38.ENCLB273ZWE	0.06756756756756756	False
CGACACACAACCGAGA_38.ENCLB273ZWE	0.07804878048780488	False
CTGTAGCCAACCGAGA_38.ENCLB273ZWE	0.07259953161592504	False
GATGAATCAACCGAGA_38.ENCLB273ZWE	0.03517587939698493	False
AGAGTCAAAACGCTTA_38.ENCLB273ZWE	0.14598540145985406	False
GCGAGTAAAACGCTTA_38.ENCLB273ZWE	0.1138461538461538	False
TATCAGCAAACGTGAT_38.ENCLB273ZWE	0.1595330739299611	False
CCTCCTGAACACAGAA_38.ENCLB273ZWE	0.10526315789473682	False
ACCTCCAAACAGCAGA_38.ENCLB273ZWE	0.26744186046511637	False
AGATCGCAAGGCTAAC_38.ENCLB273ZWE	0.19282511210762332	False
AGTCACTAATAGCGAC_38.ENCLB273ZWE	0.1138461538461538	False
CAAGGAGCATAGCGAC_38.ENCLB273ZWE	0.2380952380952381	False
ACAAGCTACAATGGAA_38.ENCLB273ZWE	0.09042553191489361	False
GATGAATCCACCTTAC_38.ENCLB273ZWE	0.14598540145985406	False
GAGCTGAACACTTCGA_38.ENCLB273ZWE	0.06756756756756756	False
AAGGACACCAGCGTTA_38.ENCLB273ZWE	0.07804878048780488	False
ATAGCGACCATCAAGT_38.ENCLB273ZWE	0.07804878048780488	False
CGACACACCATCAAGT_38.ENCLB273ZWE	0.03011093502377179	False
CCTCCTGACCGTGAGA_38.ENCLB273ZWE	0.03517587939698493	False
GCGAGTAACCTAATCC_38.ENCLB273ZWE	0.05857740585774058	False
CGACACACCTCAATGA_38.ENCLB273ZWE	0.03793103448275863	False
GCGAGTAACTCAATGA_38.ENCLB273ZWE	0.04395604395604396	False
GTACGCAACTCAATGA_38.ENCLB273ZWE	0.07804878048780488	False
CGACACACCTGAGCCA_38.ENCLB273ZWE	0.08396946564885495	False
AAGACGGACTGTAGCC_38.ENCLB273ZWE	0.13402061855670097	False
AGATGTACCTGTAGCC_38.ENCLB273ZWE	0.34782608695652184	False
CTAAGGTCGAATCTGA_38.ENCLB273ZWE	0.3032258064516129	False
GTACGCAAGAGCTGAA_38.ENCLB273ZWE	0.06290672451193058	False
AACTCACCGATGAATC_38.ENCLB273ZWE	0.2380952380952381	False
TGGTGGTAGCCACATA_38.ENCLB273ZWE	0.07804878048780488	False
AGAGTCAAGGTGCGAA_38.ENCLB273ZWE	0.1138461538461538	False
CGACACACGTGTTCTA_38.ENCLB273ZWE	0.09042553191489361	False
CTGTAGCCGTGTTCTA_38.ENCLB273ZWE	0.14598540145985406	False
GCGAGTAAGTGTTCTA_38.ENCLB273ZWE	0.09749303621169914	False
AGGCTAACTATCAGCA_38.ENCLB273ZWE	0.06756756756756756	False
ACACAGAATCCGTCTA_38.ENCLB273ZWE	0.1138461538461538	False
AAGAGATCTCTTCACA_38.ENCLB273ZWE	0.2135922330097088	False
CCATCCTCAAACATCG_24.ENCLB273ZWE	0.04725897920604915	False
TGAAGAGAAAACATCG_24.ENCLB273ZWE	0.05078125	False
CGACACACAACCGAGA_24.ENCLB273ZWE	0.04725897920604915	False
AATCCGTCAACTCACC_24.ENCLB273ZWE	0.07804878048780488	False
ACATTGGCAACTCACC_24.ENCLB273ZWE	0.07259953161592504	False
AGGCTAACAACTCACC_24.ENCLB273ZWE	0.19282511210762332	False
GCGAGTAAAACTCACC_24.ENCLB273ZWE	0.2380952380952381	False
AATGTTGCAAGACGGA_24.ENCLB273ZWE	0.06756756756756756	False
ACCACTGTAAGACGGA_24.ENCLB273ZWE	0.08396946564885495	False
AACAACCAAATGTTGC_24.ENCLB273ZWE	0.05857740585774058	False
ATTGAGGAACACAGAA_24.ENCLB273ZWE	0.12337662337662335	False
CCGAAGTAACACGACC_24.ENCLB273ZWE	0.10526315789473682	False
TGGTGGTAACGCTCGA_24.ENCLB273ZWE	0.10526315789473682	False
AAGACGGAACGTATCA_24.ENCLB273ZWE	0.05857740585774058	False
AGAGTCAAAGATGTAC_24.ENCLB273ZWE	0.17500000000000007	False
ACAGCAGAAGCACCTC_24.ENCLB273ZWE	0.2135922330097088	False
AGTACAAGATAGCGAC_24.ENCLB273ZWE	0.2135922330097088	False
CAAGGAGCATAGCGAC_24.ENCLB273ZWE	0.19282511210762332	False
AACTCACCATCATTCC_24.ENCLB273ZWE	0.2380952380952381	False
CGCATACAATCATTCC_24.ENCLB273ZWE	0.19282511210762332	False
AGTACAAGATTGGCTC_24.ENCLB273ZWE	0.26744186046511637	False
ATTGAGGAATTGGCTC_24.ENCLB273ZWE	0.3032258064516129	False
CCTCTATCATTGGCTC_24.ENCLB273ZWE	0.2380952380952381	False
CTGGCATACAACCACA_24.ENCLB273ZWE	0.08396946564885495	False
GATGAATCCACCTTAC_24.ENCLB273ZWE	0.26744186046511637	False
GAGCTGAACCATCCTC_24.ENCLB273ZWE	0.13402061855670097	False
CTAAGGTCCCGAAGTA_24.ENCLB273ZWE	0.06290672451193058	False
CAGCGTTACCTAATCC_24.ENCLB273ZWE	0.09749303621169914	False
CGACACACCCTAATCC_24.ENCLB273ZWE	0.13402061855670097	False
GCGAGTAACCTAATCC_24.ENCLB273ZWE	0.2135922330097088	False
TCCGTCTACCTAATCC_24.ENCLB273ZWE	0.3032258064516129	False
TGGCTTCACCTAATCC_24.ENCLB273ZWE	0.12337662337662335	False
ACAGCAGACGACTGGA_24.ENCLB273ZWE	0.2380952380952381	False
TGGTGGTACTCAATGA_24.ENCLB273ZWE	0.1595330739299611	False
CGACACACCTGAGCCA_24.ENCLB273ZWE	0.2135922330097088	False
GCGAGTAACTGAGCCA_24.ENCLB273ZWE	0.10526315789473682	False
ACGCTCGACTGGCATA_24.ENCLB273ZWE	0.2380952380952381	False
AGATGTACCTGTAGCC_24.ENCLB273ZWE	0.10526315789473682	False
CACTTCGAGAATCTGA_24.ENCLB273ZWE	0.06290672451193058	False
ACACAGAAGACAGTGC_24.ENCLB273ZWE	0.1595330739299611	False
AGTCACTAGAGTTAGC_24.ENCLB273ZWE	0.06756756756756756	False
AACTCACCGATGAATC_24.ENCLB273ZWE	0.1595330739299611	False
GTACGCAAGCCAAGAC_24.ENCLB273ZWE	0.05857740585774058	False
TGGTGGTAGCCACATA_24.ENCLB273ZWE	0.05857740585774058	False
ACACAGAATCCGTCTA_24.ENCLB273ZWE	0.06756756756756756	False
TGGTGGTATCCGTCTA_24.ENCLB273ZWE	0.19282511210762332	False
AAGAGATCTCTTCACA_24.ENCLB273ZWE	0.14598540145985406	False
ACAGCAGATTCACGCA_24.ENCLB273ZWE	0.05857740585774058	False
CAAGGAGCACAAGCTA_29.ENCLB273ZWE	0.1595330739299611	False
CACTTCGAACACAGAA_29.ENCLB273ZWE	0.14598540145985406	False
AGATGTACACACGACC_29.ENCLB273ZWE	0.09042553191489361	False
CCAGTTCAAGAGTCAA_29.ENCLB273ZWE	0.07804878048780488	False
AGAGTCAAAGATGTAC_29.ENCLB273ZWE	0.10526315789473682	False
GTGTTCTAAGCACCTC_29.ENCLB273ZWE	0.14598540145985406	False
ACAGCAGAAGCCATGC_29.ENCLB273ZWE	0.04725897920604915	False
CAAGGAGCATTGAGGA_29.ENCLB273ZWE	0.2380952380952381	False
CGAACTTACACCTTAC_29.ENCLB273ZWE	0.08396946564885495	False
GATGAATCCACCTTAC_29.ENCLB273ZWE	0.07259953161592504	False
TGGAACAACATACCAA_29.ENCLB273ZWE	0.14598540145985406	False
CATCAAGTCCGAAGTA_29.ENCLB273ZWE	0.06290672451193058	False
ACGTATCACGGATTGC_29.ENCLB273ZWE	0.2380952380952381	False
ACGTATCACTGTAGCC_29.ENCLB273ZWE	0.13402061855670097	False
CACTTCGAGAGCTGAA_29.ENCLB273ZWE	0.07804878048780488	False
ATAGCGACAAGGACAC_44.ENCLB273ZWE	0.14598540145985406	False
CCGACAACAGATGTAC_44.ENCLB273ZWE	0.17500000000000007	False
ACGTATCAAGCACCTC_44.ENCLB273ZWE	0.05454545454545454	False
TGGAACAAAGCAGGAA_44.ENCLB273ZWE	0.14598540145985406	False
CAAGGAGCATAGCGAC_44.ENCLB273ZWE	0.1595330739299611	False
GATGAATCCACCTTAC_44.ENCLB273ZWE	0.26744186046511637	False
ATCCTGTACAGATCTG_44.ENCLB273ZWE	0.06290672451193058	False
CCATCCTCCCTCCTGA_44.ENCLB273ZWE	0.1595330739299611	False
AACGTGATGACTAGTA_44.ENCLB273ZWE	0.2135922330097088	False
AACTCACCGATGAATC_44.ENCLB273ZWE	0.07804878048780488	False
CAAGGAGCTAGGATGA_44.ENCLB273ZWE	0.09749303621169914	False
AACGTGATTATCAGCA_44.ENCLB273ZWE	0.07259953161592504	False
AGGCTAACTCCGTCTA_44.ENCLB273ZWE	0.10526315789473682	False
GGTGCGAAAAACATCG_39.ENCLB273ZWE	0.10526315789473682	False
CACTTCGAAACGCTTA_39.ENCLB273ZWE	0.10526315789473682	False
AGCCATGCACAAGCTA_39.ENCLB273ZWE	0.05454545454545454	False
ATCATTCCACAAGCTA_39.ENCLB273ZWE	0.17500000000000007	False
AGCCATGCACTATGCA_39.ENCLB273ZWE	0.09042553191489361	False
CAATGGAAACTATGCA_39.ENCLB273ZWE	0.12337662337662335	False
CTGGCATAAGCCATGC_39.ENCLB273ZWE	0.04085257548845471	False
CAAGGAGCATAGCGAC_39.ENCLB273ZWE	0.1595330739299611	False
ATTGGCTCCAAGACTA_39.ENCLB273ZWE	0.12337662337662335	False
GATGAATCCACCTTAC_39.ENCLB273ZWE	0.17500000000000007	False
AACCGAGACCAGTTCA_39.ENCLB273ZWE	0.14598540145985406	False
AAGGACACCCGAAGTA_39.ENCLB273ZWE	0.09749303621169914	False
CCTCCTGACCGTGAGA_39.ENCLB273ZWE	0.2135922330097088	False
GCGAGTAACCTAATCC_39.ENCLB273ZWE	0.1595330739299611	False
GGTGCGAACGACACAC_39.ENCLB273ZWE	0.06756756756756756	False
CGACACACCTGAGCCA_39.ENCLB273ZWE	0.13402061855670097	False
AGATCGCACTGGCATA_39.ENCLB273ZWE	0.17500000000000007	False
AGATGTACCTGTAGCC_39.ENCLB273ZWE	0.06290672451193058	False
CACTTCGAGAATCTGA_39.ENCLB273ZWE	0.09749303621169914	False
CTCAATGAGAGCTGAA_39.ENCLB273ZWE	0.26744186046511637	False
AACTCACCGATGAATC_39.ENCLB273ZWE	0.10526315789473682	False
GTGTTCTAGTGTTCTA_39.ENCLB273ZWE	0.19282511210762332	False
GTCGTAGATCCGTCTA_39.ENCLB273ZWE	0.12337662337662335	False
AAGAGATCTCTTCACA_39.ENCLB273ZWE	0.12337662337662335	False
AAGGACACTCTTCACA_39.ENCLB273ZWE	0.05857740585774058	False
ACATTGGCTCTTCACA_39.ENCLB273ZWE	0.07259953161592504	False
AGATGTACTCTTCACA_39.ENCLB273ZWE	0.07804878048780488	False
AGCCATGCTCTTCACA_39.ENCLB273ZWE	0.07804878048780488	False
CAAGGAGCTCTTCACA_39.ENCLB273ZWE	0.09749303621169914	False
CCATCCTCTCTTCACA_39.ENCLB273ZWE	0.09042553191489361	False
CCGTGAGATCTTCACA_39.ENCLB273ZWE	0.17500000000000007	False
CCTCCTGATCTTCACA_39.ENCLB273ZWE	0.05857740585774058	False
CGACACACTCTTCACA_39.ENCLB273ZWE	0.1138461538461538	False
GATGAATCTCTTCACA_39.ENCLB273ZWE	0.06756756756756756	False
GCCACATATCTTCACA_39.ENCLB273ZWE	0.05454545454545454	False
GCGAGTAATCTTCACA_39.ENCLB273ZWE	0.12337662337662335	False
GTCGTAGAAAGGACAC_31.ENCLB273ZWE	0.12337662337662335	False
CCTAATCCAAGGTACA_31.ENCLB273ZWE	0.10526315789473682	False
CGCATACAACACAGAA_31.ENCLB273ZWE	0.06756756756756756	False
CCGAAGTAACACGACC_31.ENCLB273ZWE	0.19282511210762332	False
ACAGCAGAACCTCCAA_31.ENCLB273ZWE	0.06756756756756756	False
ACGTATCAAGGCTAAC_31.ENCLB273ZWE	0.17500000000000007	False
CAAGGAGCATAGCGAC_31.ENCLB273ZWE	0.26744186046511637	False
ACAGCAGACAACCACA_31.ENCLB273ZWE	0.12337662337662335	False
AGAGTCAACAATGGAA_31.ENCLB273ZWE	0.09042553191489361	False
CGACACACCAATGGAA_31.ENCLB273ZWE	0.1595330739299611	False
GCGAGTAACAATGGAA_31.ENCLB273ZWE	0.05857740585774058	False
TGGAACAACAATGGAA_31.ENCLB273ZWE	0.2380952380952381	False
GATGAATCCACCTTAC_31.ENCLB273ZWE	0.2135922330097088	False
GCCACATACACCTTAC_31.ENCLB273ZWE	0.08396946564885495	False
TAGGATGACGACACAC_31.ENCLB273ZWE	0.2380952380952381	False
CCTCCTGACTAAGGTC_31.ENCLB273ZWE	0.10526315789473682	False
CTAAGGTCGACTAGTA_31.ENCLB273ZWE	0.04725897920604915	False
AACTCACCGATGAATC_31.ENCLB273ZWE	0.3032258064516129	False
AAGGTACAGCCACATA_31.ENCLB273ZWE	0.12337662337662335	False
GACAGTGCGCCACATA_31.ENCLB273ZWE	0.08396946564885495	False
TGGTGGTAGCCACATA_31.ENCLB273ZWE	0.17500000000000007	False
GAGTTAGCGGAGAACA_31.ENCLB273ZWE	0.07804878048780488	False
CCAGTTCAGTCTGTCA_31.ENCLB273ZWE	0.17500000000000007	False
CCGTGAGAGTGTTCTA_31.ENCLB273ZWE	0.2135922330097088	False
AACAACCATATCAGCA_31.ENCLB273ZWE	0.17500000000000007	False
GAGTTAGCTCTTCACA_31.ENCLB273ZWE	0.08396946564885495	False
ATTGGCTCTGGCTTCA_31.ENCLB273ZWE	0.19282511210762332	False
CCATCCTCAAACATCG_25.ENCLB273ZWE	0.06290672451193058	False
TGGAACAAAAGACGGA_25.ENCLB273ZWE	0.14598540145985406	False
CTCAATGAAATGTTGC_25.ENCLB273ZWE	0.19282511210762332	False
GCGAGTAAACAAGCTA_25.ENCLB273ZWE	0.2380952380952381	False
ATTGAGGAACATTGGC_25.ENCLB273ZWE	0.1595330739299611	False
ACAGCAGAACCACTGT_25.ENCLB273ZWE	0.17500000000000007	False
AGATGTACACGCTCGA_25.ENCLB273ZWE	0.13402061855670097	False
AAGGTACAACGTATCA_25.ENCLB273ZWE	0.13402061855670097	False
CTAAGGTCAGAGTCAA_25.ENCLB273ZWE	0.07804878048780488	False
ACAGCAGAAGCACCTC_25.ENCLB273ZWE	0.2135922330097088	False
CGGATTGCAGTCACTA_25.ENCLB273ZWE	0.07259953161592504	False
CAAGGAGCATAGCGAC_25.ENCLB273ZWE	0.19282511210762332	False
TGGAACAACAGCGTTA_25.ENCLB273ZWE	0.17500000000000007	False
CTAAGGTCCCGAAGTA_25.ENCLB273ZWE	0.1138461538461538	False
GCGAGTAACCTAATCC_25.ENCLB273ZWE	0.10526315789473682	False
TGGCTTCACCTAATCC_25.ENCLB273ZWE	0.09749303621169914	False
CGACACACCCTCTATC_25.ENCLB273ZWE	0.06756756756756756	False
GCGAGTAACCTCTATC_25.ENCLB273ZWE	0.12337662337662335	False
GTCTGTCACGACTGGA_25.ENCLB273ZWE	0.07804878048780488	False
ATCCTGTATGAAGAGA_25.ENCLB273ZWE	0.14598540145985406	False
TTCACGCATGGAACAA_25.ENCLB273ZWE	0.12337662337662335	False
AACCGAGATGGTGGTA_25.ENCLB273ZWE	0.1138461538461538	False
AGGCTAACAACTCACC_40.ENCLB273ZWE	0.07804878048780488	False
AGCCATGCACAGCAGA_40.ENCLB273ZWE	0.06756756756756756	False
CTGAGCCAAGATGTAC_40.ENCLB273ZWE	0.08396946564885495	False
AAGGACACAGCAGGAA_40.ENCLB273ZWE	0.14598540145985406	False
AGTGGTCAAGTACAAG_40.ENCLB273ZWE	0.13402061855670097	False
CGACACACATTGAGGA_40.ENCLB273ZWE	0.17500000000000007	False
TTCACGCACAACCACA_40.ENCLB273ZWE	0.06290672451193058	False
AACAACCACATACCAA_40.ENCLB273ZWE	0.09042553191489361	False
ATCATTCCCCTCCTGA_40.ENCLB273ZWE	0.3032258064516129	False
AGTACAAGCGAACTTA_40.ENCLB273ZWE	0.09749303621169914	False
GAACAGGCGATGAATC_40.ENCLB273ZWE	0.1595330739299611	False
AAGGACACGTCTGTCA_40.ENCLB273ZWE	0.17500000000000007	False
CGCTGATCGTCTGTCA_40.ENCLB273ZWE	0.04085257548845471	False
AAGGTACAGTGTTCTA_40.ENCLB273ZWE	0.14598540145985406	False
GATGAATCTCTTCACA_40.ENCLB273ZWE	0.07259953161592504	False
